Spotify URI,Voter ID,Created,Points Assigned,Comment,Round ID
spotify:track:0yBtulrsV3HXyYt4bxNp7L,026acc5a18a94f2bb1097778a32a4dae,2026-04-10T09:27:52Z,1,,c898d590c85d493c92ecc2d59758ace3
spotify:track:2TrfJeL9x2ZEp1J4OpOGWf,026acc5a18a94f2bb1097778a32a4dae,2026-04-10T09:27:52Z,1,,c898d590c85d493c92ecc2d59758ace3
spotify:track:4rjLETqzIS7Jy9LP6yZyo0,026acc5a18a94f2bb1097778a32a4dae,2026-04-10T09:27:52Z,1,,c898d590c85d493c92ecc2d59758ace3
spotify:track:5RsPhl4fghN87YrZI0wMCp,026acc5a18a94f2bb1097778a32a4dae,2026-04-10T09:27:52Z,1,,c898d590c85d493c92ecc2d59758ace3
spotify:track:6bQnOz8JvXoWD8gvfr0aHo,026acc5a18a94f2bb1097778a32a4dae,2026-04-10T09:27:52Z,1,,c898d590c85d493c92ecc2d59758ace3
spotify:track:7bbsPLvwSDRTG0GSHSnKdF,026acc5a18a94f2bb1097778a32a4dae,2026-04-10T09:27:52Z,5,"Got to give this points as it's fundamentally the same idea I had (first, I hope).

If I'd been smarter, I'd have even picked this version so that Music League actually detected a clash.

I wish I felt as good about my country as the Welsh (rightfully so) do. ",c898d590c85d493c92ecc2d59758ace3
spotify:track:7F8RUqN5CfijxoXEAeChen,026acc5a18a94f2bb1097778a32a4dae,2026-04-10T09:27:52Z,0,I was introduced to this by Gav's running playlists. Genuinely gives me goosebumps when I hear it.,c898d590c85d493c92ecc2d59758ace3
spotify:track:0BC7D8kbG7jbLpHjLyNWhm,1af891d6b3bf4540a518ddd5b310e3b9,2026-04-10T09:48:58Z,1,Good humour. ,c898d590c85d493c92ecc2d59758ace3
spotify:track:088rqJPWOzG91aoR9IqwKC,1af891d6b3bf4540a518ddd5b310e3b9,2026-04-10T09:48:58Z,1,"That's some real Rick Rescorla shit. 

I think giving this points automatically reports me to Prevent. ",c898d590c85d493c92ecc2d59758ace3
spotify:track:7F8RUqN5CfijxoXEAeChen,1af891d6b3bf4540a518ddd5b310e3b9,2026-04-10T09:48:58Z,1,,c898d590c85d493c92ecc2d59758ace3
spotify:track:7bbsPLvwSDRTG0GSHSnKdF,1af891d6b3bf4540a518ddd5b310e3b9,2026-04-10T09:48:58Z,1,,c898d590c85d493c92ecc2d59758ace3
spotify:track:6bQnOz8JvXoWD8gvfr0aHo,1af891d6b3bf4540a518ddd5b310e3b9,2026-04-10T09:48:58Z,1,,c898d590c85d493c92ecc2d59758ace3
spotify:track:2TrfJeL9x2ZEp1J4OpOGWf,1af891d6b3bf4540a518ddd5b310e3b9,2026-04-10T09:48:58Z,1,Didn't know I needed this. Lush.,c898d590c85d493c92ecc2d59758ace3
spotify:track:2DqpGqo8X1aJ1j7BRKP0xO,1af891d6b3bf4540a518ddd5b310e3b9,2026-04-10T09:48:58Z,1,Nicely done.,c898d590c85d493c92ecc2d59758ace3
spotify:track:122A23aRXkRm3pweoenMem,1af891d6b3bf4540a518ddd5b310e3b9,2026-04-10T09:48:58Z,0,Did you see they're taking down the Ianto shrine? ,c898d590c85d493c92ecc2d59758ace3
spotify:track:0yBtulrsV3HXyYt4bxNp7L,1af891d6b3bf4540a518ddd5b310e3b9,2026-04-10T09:48:58Z,2,,c898d590c85d493c92ecc2d59758ace3
spotify:track:7taXKYsHau2Hk7sN4zxDxk,1af891d6b3bf4540a518ddd5b310e3b9,2026-04-10T09:48:58Z,1,,c898d590c85d493c92ecc2d59758ace3
spotify:track:122A23aRXkRm3pweoenMem,b2fd357c852d458f8ea4fa557c68b37f,2026-04-10T12:40:54Z,2,,c898d590c85d493c92ecc2d59758ace3
spotify:track:2DqpGqo8X1aJ1j7BRKP0xO,b2fd357c852d458f8ea4fa557c68b37f,2026-04-10T12:40:54Z,2,"This is the kind of creative submission I wish I could have pulled out.

Solid track too.",c898d590c85d493c92ecc2d59758ace3
spotify:track:4rjLETqzIS7Jy9LP6yZyo0,b2fd357c852d458f8ea4fa557c68b37f,2026-04-10T12:40:54Z,3,,c898d590c85d493c92ecc2d59758ace3
spotify:track:088rqJPWOzG91aoR9IqwKC,b2fd357c852d458f8ea4fa557c68b37f,2026-04-10T12:40:54Z,0,"Book your minicab, for the sake of anyone who may be subjected to this if you don't",c898d590c85d493c92ecc2d59758ace3
spotify:track:0BC7D8kbG7jbLpHjLyNWhm,b2fd357c852d458f8ea4fa557c68b37f,2026-04-10T12:40:54Z,3,,c898d590c85d493c92ecc2d59758ace3
spotify:track:7bbsPLvwSDRTG0GSHSnKdF,b49a4cb5ad234418b3ff4bdfd2ab321f,2026-04-10T13:38:37Z,1,I'm so little Welsh it doesn't count (Like 1/16th) but this still managed to make me want to take up arms and tell my English brethren to fuck off.,c898d590c85d493c92ecc2d59758ace3
spotify:track:6ViiVLHU0I64Q9JQdF9NOV,b49a4cb5ad234418b3ff4bdfd2ab321f,2026-04-10T13:38:37Z,1,,c898d590c85d493c92ecc2d59758ace3
spotify:track:5RsPhl4fghN87YrZI0wMCp,b49a4cb5ad234418b3ff4bdfd2ab321f,2026-04-10T13:38:37Z,0,Even the Welsh get it wrong sometimes.,c898d590c85d493c92ecc2d59758ace3
spotify:track:4rjLETqzIS7Jy9LP6yZyo0,b49a4cb5ad234418b3ff4bdfd2ab321f,2026-04-10T13:38:37Z,1,"This is your one allowed PSB track, Steve. You are however, still allowed a Pet Shop Boys track.",c898d590c85d493c92ecc2d59758ace3
spotify:track:2TrfJeL9x2ZEp1J4OpOGWf,b49a4cb5ad234418b3ff4bdfd2ab321f,2026-04-10T13:38:37Z,1,Your fiancé would have ended up on the Naughty Step.,c898d590c85d493c92ecc2d59758ace3
spotify:track:2DqpGqo8X1aJ1j7BRKP0xO,b49a4cb5ad234418b3ff4bdfd2ab321f,2026-04-10T13:38:37Z,1,"Both of them, at the same time.",c898d590c85d493c92ecc2d59758ace3
spotify:track:3AJ0TERUpofwM3fNxP9ZHN,b49a4cb5ad234418b3ff4bdfd2ab321f,2026-04-10T13:38:37Z,0,"Also if Gav doesn't like fish, that's worth a bonus point.",c898d590c85d493c92ecc2d59758ace3
spotify:track:2fBspxFEcwsg6DAP0SFSgl,b49a4cb5ad234418b3ff4bdfd2ab321f,2026-04-10T13:38:37Z,0,If Gav was the lead character in Disco Elysium.,c898d590c85d493c92ecc2d59758ace3
spotify:track:088rqJPWOzG91aoR9IqwKC,b49a4cb5ad234418b3ff4bdfd2ab321f,2026-04-10T13:38:37Z,1,Imagining Gav tearing up as he faces the direction of Wales and salutes.,c898d590c85d493c92ecc2d59758ace3
spotify:track:0yBtulrsV3HXyYt4bxNp7L,b49a4cb5ad234418b3ff4bdfd2ab321f,2026-04-10T13:38:37Z,1,And so does Gav.,c898d590c85d493c92ecc2d59758ace3
spotify:track:122A23aRXkRm3pweoenMem,b49a4cb5ad234418b3ff4bdfd2ab321f,2026-04-10T13:38:37Z,0,I bet Gav would have shagged the Cyberwoman.,c898d590c85d493c92ecc2d59758ace3
spotify:track:7taXKYsHau2Hk7sN4zxDxk,b49a4cb5ad234418b3ff4bdfd2ab321f,2026-04-10T13:38:37Z,1,,c898d590c85d493c92ecc2d59758ace3
spotify:track:7F8RUqN5CfijxoXEAeChen,b49a4cb5ad234418b3ff4bdfd2ab321f,2026-04-10T13:38:37Z,2,And this was just the slightly superior version with all the crowd joining in too.,c898d590c85d493c92ecc2d59758ace3
spotify:track:122A23aRXkRm3pweoenMem,5d67307c492249f2b00f7b3276919ef5,2026-04-11T21:44:45Z,1,It's nice to have some instrumentals in once in a while.,c898d590c85d493c92ecc2d59758ace3
spotify:track:6ViiVLHU0I64Q9JQdF9NOV,5d67307c492249f2b00f7b3276919ef5,2026-04-11T21:44:45Z,1,,c898d590c85d493c92ecc2d59758ace3
spotify:track:6bQnOz8JvXoWD8gvfr0aHo,5d67307c492249f2b00f7b3276919ef5,2026-04-11T21:44:45Z,1,,c898d590c85d493c92ecc2d59758ace3
spotify:track:5RsPhl4fghN87YrZI0wMCp,5d67307c492249f2b00f7b3276919ef5,2026-04-11T21:44:45Z,1,,c898d590c85d493c92ecc2d59758ace3
spotify:track:4rjLETqzIS7Jy9LP6yZyo0,5d67307c492249f2b00f7b3276919ef5,2026-04-11T21:44:45Z,1,,c898d590c85d493c92ecc2d59758ace3
spotify:track:3AJ0TERUpofwM3fNxP9ZHN,5d67307c492249f2b00f7b3276919ef5,2026-04-11T21:44:45Z,1,,c898d590c85d493c92ecc2d59758ace3
spotify:track:2fBspxFEcwsg6DAP0SFSgl,5d67307c492249f2b00f7b3276919ef5,2026-04-11T21:44:45Z,1,,c898d590c85d493c92ecc2d59758ace3
spotify:track:2DqpGqo8X1aJ1j7BRKP0xO,5d67307c492249f2b00f7b3276919ef5,2026-04-11T21:44:45Z,2,,c898d590c85d493c92ecc2d59758ace3
spotify:track:0yBtulrsV3HXyYt4bxNp7L,5d67307c492249f2b00f7b3276919ef5,2026-04-11T21:44:45Z,1,,c898d590c85d493c92ecc2d59758ace3
spotify:track:088rqJPWOzG91aoR9IqwKC,5d67307c492249f2b00f7b3276919ef5,2026-04-11T21:44:45Z,0,I had the volume up way too high when I put this on so I'm pretty sure my whole building heard it.,c898d590c85d493c92ecc2d59758ace3
spotify:track:6bQnOz8JvXoWD8gvfr0aHo,c9020fb4892a4c77aaeded2efd21f9b4,2026-04-11T23:09:41Z,1,,c898d590c85d493c92ecc2d59758ace3
spotify:track:689DTIE4YIRfuIUG58Z2H2,c9020fb4892a4c77aaeded2efd21f9b4,2026-04-11T23:09:41Z,1,,c898d590c85d493c92ecc2d59758ace3
spotify:track:0BC7D8kbG7jbLpHjLyNWhm,c9020fb4892a4c77aaeded2efd21f9b4,2026-04-11T23:09:41Z,1,,c898d590c85d493c92ecc2d59758ace3
spotify:track:122A23aRXkRm3pweoenMem,c9020fb4892a4c77aaeded2efd21f9b4,2026-04-11T23:09:41Z,3,,c898d590c85d493c92ecc2d59758ace3
spotify:track:4rjLETqzIS7Jy9LP6yZyo0,c9020fb4892a4c77aaeded2efd21f9b4,2026-04-11T23:09:41Z,3,,c898d590c85d493c92ecc2d59758ace3
spotify:track:3AJ0TERUpofwM3fNxP9ZHN,c9020fb4892a4c77aaeded2efd21f9b4,2026-04-11T23:09:41Z,1,,c898d590c85d493c92ecc2d59758ace3
spotify:track:2TrfJeL9x2ZEp1J4OpOGWf,f1c713e8e22f4674a449cc92e27d3930,2026-04-12T22:02:14Z,3,,c898d590c85d493c92ecc2d59758ace3
spotify:track:6ViiVLHU0I64Q9JQdF9NOV,f1c713e8e22f4674a449cc92e27d3930,2026-04-12T22:02:14Z,1,,c898d590c85d493c92ecc2d59758ace3
spotify:track:7F8RUqN5CfijxoXEAeChen,f1c713e8e22f4674a449cc92e27d3930,2026-04-12T22:02:14Z,1,,c898d590c85d493c92ecc2d59758ace3
spotify:track:7taXKYsHau2Hk7sN4zxDxk,f1c713e8e22f4674a449cc92e27d3930,2026-04-12T22:02:14Z,1,,c898d590c85d493c92ecc2d59758ace3
spotify:track:0BC7D8kbG7jbLpHjLyNWhm,f1c713e8e22f4674a449cc92e27d3930,2026-04-12T22:02:14Z,1,,c898d590c85d493c92ecc2d59758ace3
spotify:track:088rqJPWOzG91aoR9IqwKC,f1c713e8e22f4674a449cc92e27d3930,2026-04-12T22:02:14Z,2,,c898d590c85d493c92ecc2d59758ace3
spotify:track:7bbsPLvwSDRTG0GSHSnKdF,f1c713e8e22f4674a449cc92e27d3930,2026-04-12T22:02:14Z,1,,c898d590c85d493c92ecc2d59758ace3
spotify:track:7F8RUqN5CfijxoXEAeChen,d21152e7d3cd4a69b0951abdfe3e1480,2026-04-13T09:32:58Z,1,,c898d590c85d493c92ecc2d59758ace3
spotify:track:122A23aRXkRm3pweoenMem,d21152e7d3cd4a69b0951abdfe3e1480,2026-04-13T09:32:58Z,0,God Torchwood was pants wasn't it.,c898d590c85d493c92ecc2d59758ace3
spotify:track:088rqJPWOzG91aoR9IqwKC,d21152e7d3cd4a69b0951abdfe3e1480,2026-04-13T09:32:58Z,3,"I have never heard the actual words, I've just played it in brass bands",c898d590c85d493c92ecc2d59758ace3
spotify:track:4rjLETqzIS7Jy9LP6yZyo0,d21152e7d3cd4a69b0951abdfe3e1480,2026-04-13T09:32:58Z,2,,c898d590c85d493c92ecc2d59758ace3
spotify:track:6ViiVLHU0I64Q9JQdF9NOV,d21152e7d3cd4a69b0951abdfe3e1480,2026-04-13T09:32:58Z,3,I literally discounted this one because of the recording quality when I went through it,c898d590c85d493c92ecc2d59758ace3
spotify:track:7bbsPLvwSDRTG0GSHSnKdF,d21152e7d3cd4a69b0951abdfe3e1480,2026-04-13T09:32:58Z,1,,c898d590c85d493c92ecc2d59758ace3
spotify:track:122A23aRXkRm3pweoenMem,7794745d6a054a86b5f0cf46cd34fb54,2026-04-13T14:22:14Z,0,"The lyrics are ""Torchwoodmusicmusic, Torchwoodmusicmusic, Torchwoodmusicmusic""",c898d590c85d493c92ecc2d59758ace3
spotify:track:088rqJPWOzG91aoR9IqwKC,7794745d6a054a86b5f0cf46cd34fb54,2026-04-13T14:22:14Z,0,Ohhh I'm going to get ruined for being first in the list..,c898d590c85d493c92ecc2d59758ace3
spotify:track:0BC7D8kbG7jbLpHjLyNWhm,7794745d6a054a86b5f0cf46cd34fb54,2026-04-13T14:22:14Z,1,,c898d590c85d493c92ecc2d59758ace3
spotify:track:0yBtulrsV3HXyYt4bxNp7L,7794745d6a054a86b5f0cf46cd34fb54,2026-04-13T14:22:14Z,2,It is an ongoing travesty that the 1999 Margam Park gig isn't available as an album,c898d590c85d493c92ecc2d59758ace3
spotify:track:2TrfJeL9x2ZEp1J4OpOGWf,7794745d6a054a86b5f0cf46cd34fb54,2026-04-13T14:22:14Z,3,,c898d590c85d493c92ecc2d59758ace3
spotify:track:4rjLETqzIS7Jy9LP6yZyo0,7794745d6a054a86b5f0cf46cd34fb54,2026-04-13T14:22:14Z,0,"De-link fossil fuels from the renewable price index, Ed.",c898d590c85d493c92ecc2d59758ace3
spotify:track:689DTIE4YIRfuIUG58Z2H2,7794745d6a054a86b5f0cf46cd34fb54,2026-04-13T14:22:14Z,0,"No, it's the children who are wrong",c898d590c85d493c92ecc2d59758ace3
spotify:track:6ViiVLHU0I64Q9JQdF9NOV,7794745d6a054a86b5f0cf46cd34fb54,2026-04-13T14:22:14Z,2,Finding decent male  voice choir recording on Spotify always feels so difficult *cries in Trelawney's Army*,c898d590c85d493c92ecc2d59758ace3
spotify:track:7taXKYsHau2Hk7sN4zxDxk,7794745d6a054a86b5f0cf46cd34fb54,2026-04-13T14:22:14Z,2,Failed in Wales / Made From Whales etc...,c898d590c85d493c92ecc2d59758ace3
spotify:track:088rqJPWOzG91aoR9IqwKC,555c7be4f519498e97a6bf62888fb0df,2026-04-13T15:12:03Z,3,,c898d590c85d493c92ecc2d59758ace3
spotify:track:2DqpGqo8X1aJ1j7BRKP0xO,555c7be4f519498e97a6bf62888fb0df,2026-04-13T15:12:03Z,3,,c898d590c85d493c92ecc2d59758ace3
spotify:track:4rjLETqzIS7Jy9LP6yZyo0,555c7be4f519498e97a6bf62888fb0df,2026-04-13T15:12:03Z,1,,c898d590c85d493c92ecc2d59758ace3
spotify:track:689DTIE4YIRfuIUG58Z2H2,555c7be4f519498e97a6bf62888fb0df,2026-04-13T15:12:03Z,3,,c898d590c85d493c92ecc2d59758ace3
spotify:track:122A23aRXkRm3pweoenMem,0e033461ae5447c6b172e593d11ec57c,2026-04-13T17:25:43Z,0,Glad Ianto died. ,c898d590c85d493c92ecc2d59758ace3
spotify:track:13YEp0m9tyN3R7MhMnWda1,0e033461ae5447c6b172e593d11ec57c,2026-04-13T17:25:43Z,0,No. ,c898d590c85d493c92ecc2d59758ace3
spotify:track:2DqpGqo8X1aJ1j7BRKP0xO,0e033461ae5447c6b172e593d11ec57c,2026-04-13T17:25:43Z,0,I do not actually have memories of the bench so I can’t comment on this. ,c898d590c85d493c92ecc2d59758ace3
spotify:track:2fBspxFEcwsg6DAP0SFSgl,0e033461ae5447c6b172e593d11ec57c,2026-04-13T17:25:43Z,1,Love this! ,c898d590c85d493c92ecc2d59758ace3
spotify:track:2TrfJeL9x2ZEp1J4OpOGWf,0e033461ae5447c6b172e593d11ec57c,2026-04-13T17:25:43Z,1,Well done to your fiance! Word Gets Around is a perfect album. ,c898d590c85d493c92ecc2d59758ace3
spotify:track:3AJ0TERUpofwM3fNxP9ZHN,0e033461ae5447c6b172e593d11ec57c,2026-04-13T17:25:43Z,0,Not for me. ,c898d590c85d493c92ecc2d59758ace3
spotify:track:4rjLETqzIS7Jy9LP6yZyo0,0e033461ae5447c6b172e593d11ec57c,2026-04-13T17:25:43Z,1,I wish you could’ve seen my stupid little face when one of my favourite bands in the world announced they were making an album about Welsh miner’s strike. What a time to be me. I saw them do this live at Caerphilly Castle and they ended with a male voice choir singing the national anthem. Doesn’t get much better than that. ,c898d590c85d493c92ecc2d59758ace3
spotify:track:5RsPhl4fghN87YrZI0wMCp,0e033461ae5447c6b172e593d11ec57c,2026-04-13T17:25:43Z,1,I’d do murders for that viaduct. ,c898d590c85d493c92ecc2d59758ace3
spotify:track:689DTIE4YIRfuIUG58Z2H2,0e033461ae5447c6b172e593d11ec57c,2026-04-13T17:25:43Z,0,Bin juice. ,c898d590c85d493c92ecc2d59758ace3
spotify:track:6bQnOz8JvXoWD8gvfr0aHo,0e033461ae5447c6b172e593d11ec57c,2026-04-13T17:25:43Z,2,Fuckin LOVE Gwilym. ,c898d590c85d493c92ecc2d59758ace3
spotify:track:6ViiVLHU0I64Q9JQdF9NOV,0e033461ae5447c6b172e593d11ec57c,2026-04-13T17:25:43Z,0,This is a strong round and I’ve already given one double-up song points and I gotta be tough somewhere. ,c898d590c85d493c92ecc2d59758ace3
spotify:track:7bbsPLvwSDRTG0GSHSnKdF,0e033461ae5447c6b172e593d11ec57c,2026-04-13T17:25:43Z,1,Have a point for your tears ❤️,c898d590c85d493c92ecc2d59758ace3
spotify:track:7taXKYsHau2Hk7sN4zxDxk,0e033461ae5447c6b172e593d11ec57c,2026-04-13T17:25:43Z,0,This is a strong round and I’ve already given one double-up song points and I gotta be tough somewhere. ,c898d590c85d493c92ecc2d59758ace3
spotify:track:7F8RUqN5CfijxoXEAeChen,0e033461ae5447c6b172e593d11ec57c,2026-04-13T17:25:43Z,1,My voice is actually in this! ,c898d590c85d493c92ecc2d59758ace3
spotify:track:088rqJPWOzG91aoR9IqwKC,0e033461ae5447c6b172e593d11ec57c,2026-04-13T17:25:43Z,1,Fantastic story and I would like to subscribe to your newsletter. ,c898d590c85d493c92ecc2d59758ace3
spotify:track:0BC7D8kbG7jbLpHjLyNWhm,0e033461ae5447c6b172e593d11ec57c,2026-04-13T17:25:43Z,0,Best song on here not about coal. ,c898d590c85d493c92ecc2d59758ace3
spotify:track:0yBtulrsV3HXyYt4bxNp7L,0e033461ae5447c6b172e593d11ec57c,2026-04-13T17:25:43Z,1,Imagine not being Welsh?? I can’t. ,c898d590c85d493c92ecc2d59758ace3
spotify:track:5RsPhl4fghN87YrZI0wMCp,93455c46f7d945a187150fc527630db4,2026-04-13T20:23:09Z,0,No,c898d590c85d493c92ecc2d59758ace3
spotify:track:0BC7D8kbG7jbLpHjLyNWhm,93455c46f7d945a187150fc527630db4,2026-04-13T20:23:09Z,1,,c898d590c85d493c92ecc2d59758ace3
spotify:track:122A23aRXkRm3pweoenMem,93455c46f7d945a187150fc527630db4,2026-04-13T20:23:09Z,0,Oo wooo woo woooo,c898d590c85d493c92ecc2d59758ace3
spotify:track:13YEp0m9tyN3R7MhMnWda1,93455c46f7d945a187150fc527630db4,2026-04-13T20:23:09Z,3,Banger,c898d590c85d493c92ecc2d59758ace3
spotify:track:2fBspxFEcwsg6DAP0SFSgl,93455c46f7d945a187150fc527630db4,2026-04-13T20:23:09Z,2,Very pleasurable listen,c898d590c85d493c92ecc2d59758ace3
spotify:track:2TrfJeL9x2ZEp1J4OpOGWf,93455c46f7d945a187150fc527630db4,2026-04-13T20:23:09Z,1,Thoroughly enjoyed this,c898d590c85d493c92ecc2d59758ace3
spotify:track:4rjLETqzIS7Jy9LP6yZyo0,93455c46f7d945a187150fc527630db4,2026-04-13T20:23:09Z,2,"""People Will Always Need Asbestos""",c898d590c85d493c92ecc2d59758ace3
spotify:track:6bQnOz8JvXoWD8gvfr0aHo,93455c46f7d945a187150fc527630db4,2026-04-13T20:23:09Z,1,I dig this jaunty tune,c898d590c85d493c92ecc2d59758ace3
spotify:track:4rjLETqzIS7Jy9LP6yZyo0,975e00647b384c8abeb378da24a134f7,2026-04-13T21:18:25Z,5,,c898d590c85d493c92ecc2d59758ace3
spotify:track:3AJ0TERUpofwM3fNxP9ZHN,975e00647b384c8abeb378da24a134f7,2026-04-13T21:18:25Z,5,,c898d590c85d493c92ecc2d59758ace3
spotify:track:088rqJPWOzG91aoR9IqwKC,e4baba279a664e01b42eb740644f095c,2026-04-14T05:27:26Z,1,,c898d590c85d493c92ecc2d59758ace3
spotify:track:0BC7D8kbG7jbLpHjLyNWhm,e4baba279a664e01b42eb740644f095c,2026-04-14T05:27:26Z,1,,c898d590c85d493c92ecc2d59758ace3
spotify:track:0yBtulrsV3HXyYt4bxNp7L,e4baba279a664e01b42eb740644f095c,2026-04-14T05:27:26Z,1,,c898d590c85d493c92ecc2d59758ace3
spotify:track:13YEp0m9tyN3R7MhMnWda1,e4baba279a664e01b42eb740644f095c,2026-04-14T05:27:26Z,0,"Yes. Seattle of Ynys Mon. Portland, just down the road from Abergavenny. Oregon, Monmouthshire. 🤔",c898d590c85d493c92ecc2d59758ace3
spotify:track:2DqpGqo8X1aJ1j7BRKP0xO,e4baba279a664e01b42eb740644f095c,2026-04-14T05:27:26Z,1,I like where you've gone with this! ,c898d590c85d493c92ecc2d59758ace3
spotify:track:2fBspxFEcwsg6DAP0SFSgl,e4baba279a664e01b42eb740644f095c,2026-04-14T05:27:26Z,1,,c898d590c85d493c92ecc2d59758ace3
spotify:track:2TrfJeL9x2ZEp1J4OpOGWf,e4baba279a664e01b42eb740644f095c,2026-04-14T05:27:26Z,1,"Not sure how good Google translate deals with Welsh, given the last line of the chorus is apparently something to do with the cat scrambling little John ... ",c898d590c85d493c92ecc2d59758ace3
spotify:track:3AJ0TERUpofwM3fNxP9ZHN,e4baba279a664e01b42eb740644f095c,2026-04-14T05:27:26Z,1,"As someone who only knows Roger Waters from Pink Floyd, this feels like a bit of a departure, style wise, for him! ",c898d590c85d493c92ecc2d59758ace3
spotify:track:4rjLETqzIS7Jy9LP6yZyo0,e4baba279a664e01b42eb740644f095c,2026-04-14T05:27:26Z,1,"I mean, yeah. This music league has gotten me rather interested in PSB. Still no crab with a gun, though.

Also, it's a shame all the voice over seems to be entirely classic prim British BBC RP; not enough Welsh people on this track about Welsh coal!",c898d590c85d493c92ecc2d59758ace3
spotify:track:5RsPhl4fghN87YrZI0wMCp,e4baba279a664e01b42eb740644f095c,2026-04-14T05:27:26Z,0,"I know this is out of your control, but this one partly irritated me because apparently it's marked as children's content on YT Music, which means I can't listen to it without the 'full player' open. What? ",c898d590c85d493c92ecc2d59758ace3
spotify:track:689DTIE4YIRfuIUG58Z2H2,e4baba279a664e01b42eb740644f095c,2026-04-14T05:27:26Z,0,"Probably a failing on my part, but I'm not picking up what you're putting down. ",c898d590c85d493c92ecc2d59758ace3
spotify:track:6bQnOz8JvXoWD8gvfr0aHo,e4baba279a664e01b42eb740644f095c,2026-04-14T05:27:26Z,0,"A rainbow, the queens face cut out, what's not to love. ",c898d590c85d493c92ecc2d59758ace3
spotify:track:6ViiVLHU0I64Q9JQdF9NOV,e4baba279a664e01b42eb740644f095c,2026-04-14T05:27:26Z,1,"Not something I would necessarily pick, but I can't deny the power of this sung by thousands of Welsh rugby fans. ",c898d590c85d493c92ecc2d59758ace3
spotify:track:7bbsPLvwSDRTG0GSHSnKdF,e4baba279a664e01b42eb740644f095c,2026-04-14T05:27:26Z,0,'fraid I preferred the other version submitted,c898d590c85d493c92ecc2d59758ace3
spotify:track:7F8RUqN5CfijxoXEAeChen,e4baba279a664e01b42eb740644f095c,2026-04-14T05:27:26Z,1,"Having the stadium of voices in the background elevates this, really adds the communal spirit. ",c898d590c85d493c92ecc2d59758ace3
spotify:track:7taXKYsHau2Hk7sN4zxDxk,e4baba279a664e01b42eb740644f095c,2026-04-14T05:27:26Z,0,'fraid I preferred the other version submitted,c898d590c85d493c92ecc2d59758ace3
spotify:track:13YEp0m9tyN3R7MhMnWda1,6495e706501d405b96d5a435a5903ca7,2026-04-14T05:57:47Z,1,,c898d590c85d493c92ecc2d59758ace3
spotify:track:6bQnOz8JvXoWD8gvfr0aHo,6495e706501d405b96d5a435a5903ca7,2026-04-14T05:57:47Z,1,"Ooh, this is a nice summery one. 

Reminds me of trips to Swansea when it was sunny

Obligatory Cwîn-ies in the mud reference ",c898d590c85d493c92ecc2d59758ace3
spotify:track:5RsPhl4fghN87YrZI0wMCp,6495e706501d405b96d5a435a5903ca7,2026-04-14T05:57:47Z,1,"Read the translation alongside listening, a lovely little story 🐕🐕",c898d590c85d493c92ecc2d59758ace3
spotify:track:3AJ0TERUpofwM3fNxP9ZHN,6495e706501d405b96d5a435a5903ca7,2026-04-14T05:57:47Z,1,Lyrics on point,c898d590c85d493c92ecc2d59758ace3
spotify:track:2DqpGqo8X1aJ1j7BRKP0xO,6495e706501d405b96d5a435a5903ca7,2026-04-14T05:57:47Z,1,Nice,c898d590c85d493c92ecc2d59758ace3
spotify:track:088rqJPWOzG91aoR9IqwKC,6495e706501d405b96d5a435a5903ca7,2026-04-14T05:57:47Z,1,"Good, this feels definitively welsh.",c898d590c85d493c92ecc2d59758ace3
spotify:track:7taXKYsHau2Hk7sN4zxDxk,6495e706501d405b96d5a435a5903ca7,2026-04-14T05:57:47Z,1,"Just listened to the first submission for this song, so hungry for bread, I'm eating it up twice.   ",c898d590c85d493c92ecc2d59758ace3
spotify:track:7F8RUqN5CfijxoXEAeChen,6495e706501d405b96d5a435a5903ca7,2026-04-14T05:57:47Z,1,"This song is so cool, would love to give more but ran out of points 🖤",c898d590c85d493c92ecc2d59758ace3
spotify:track:7bbsPLvwSDRTG0GSHSnKdF,6495e706501d405b96d5a435a5903ca7,2026-04-14T05:57:47Z,1,Would love to give more points but you've been duplicated and I have ran out of points,c898d590c85d493c92ecc2d59758ace3
spotify:track:6ViiVLHU0I64Q9JQdF9NOV,6495e706501d405b96d5a435a5903ca7,2026-04-14T05:57:47Z,1,Big fan of this pick,c898d590c85d493c92ecc2d59758ace3
spotify:track:7F8RUqN5CfijxoXEAeChen,ec6e845efede4f3abfce9ac2b3254ff7,2026-04-14T06:50:23Z,1,,c898d590c85d493c92ecc2d59758ace3
spotify:track:2DqpGqo8X1aJ1j7BRKP0xO,ec6e845efede4f3abfce9ac2b3254ff7,2026-04-14T06:50:23Z,3,,c898d590c85d493c92ecc2d59758ace3
spotify:track:5RsPhl4fghN87YrZI0wMCp,ec6e845efede4f3abfce9ac2b3254ff7,2026-04-14T06:50:23Z,3,,c898d590c85d493c92ecc2d59758ace3
spotify:track:6bQnOz8JvXoWD8gvfr0aHo,ec6e845efede4f3abfce9ac2b3254ff7,2026-04-14T06:50:23Z,2,,c898d590c85d493c92ecc2d59758ace3
spotify:track:7bbsPLvwSDRTG0GSHSnKdF,ec6e845efede4f3abfce9ac2b3254ff7,2026-04-14T06:50:23Z,1,,c898d590c85d493c92ecc2d59758ace3
spotify:track:0ajTdSDasJHyu0LrlYggdh,c9020fb4892a4c77aaeded2efd21f9b4,2026-04-17T07:29:44Z,1,A vote for going with your heart,325fcc7fcc184fd89c0bbd6875fbc8d1
spotify:track:2iD6T3jOWVFDMdCrl3BWHM,c9020fb4892a4c77aaeded2efd21f9b4,2026-04-17T07:29:44Z,1,What a ridiculous cover of this song,325fcc7fcc184fd89c0bbd6875fbc8d1
spotify:track:3P1xzYd6oH5PweQzdJCcB9,c9020fb4892a4c77aaeded2efd21f9b4,2026-04-17T07:29:44Z,1,Yeah that feels like Australia,325fcc7fcc184fd89c0bbd6875fbc8d1
spotify:track:4LRduJenyc09KondssYObk,c9020fb4892a4c77aaeded2efd21f9b4,2026-04-17T07:29:44Z,2,Great tune and found audio? Public Service Broadcasting all over again!,325fcc7fcc184fd89c0bbd6875fbc8d1
spotify:track:5oD2Z1OOx1Tmcu2mc9sLY2,c9020fb4892a4c77aaeded2efd21f9b4,2026-04-17T07:29:44Z,2,Ok now THAT'S a short song,325fcc7fcc184fd89c0bbd6875fbc8d1
spotify:track:6rlnVshsRWZcrgNDhzvmEB,c9020fb4892a4c77aaeded2efd21f9b4,2026-04-17T07:29:44Z,1,,325fcc7fcc184fd89c0bbd6875fbc8d1
spotify:track:7LZ3ZDy2v57jt3a8tJGNPi,c9020fb4892a4c77aaeded2efd21f9b4,2026-04-17T07:29:44Z,2,,325fcc7fcc184fd89c0bbd6875fbc8d1
spotify:track:0ajTdSDasJHyu0LrlYggdh,1af891d6b3bf4540a518ddd5b310e3b9,2026-04-17T07:45:03Z,3,I need to listen to more Ayreon. I get them muddled up with Arion.,325fcc7fcc184fd89c0bbd6875fbc8d1
spotify:track:2m0ytBzREXLp0YL1MzkaSE,1af891d6b3bf4540a518ddd5b310e3b9,2026-04-17T07:45:03Z,1,,325fcc7fcc184fd89c0bbd6875fbc8d1
spotify:track:5oD2Z1OOx1Tmcu2mc9sLY2,1af891d6b3bf4540a518ddd5b310e3b9,2026-04-17T07:45:03Z,1,,325fcc7fcc184fd89c0bbd6875fbc8d1
spotify:track:6rlnVshsRWZcrgNDhzvmEB,1af891d6b3bf4540a518ddd5b310e3b9,2026-04-17T07:45:03Z,3,,325fcc7fcc184fd89c0bbd6875fbc8d1
spotify:track:7LZ3ZDy2v57jt3a8tJGNPi,1af891d6b3bf4540a518ddd5b310e3b9,2026-04-17T07:45:03Z,1,,325fcc7fcc184fd89c0bbd6875fbc8d1
spotify:track:7yauS2RTZt41o1dvcmFiJz,1af891d6b3bf4540a518ddd5b310e3b9,2026-04-17T07:45:03Z,1,,325fcc7fcc184fd89c0bbd6875fbc8d1
spotify:track:2m0ytBzREXLp0YL1MzkaSE,ec6e845efede4f3abfce9ac2b3254ff7,2026-04-17T08:16:48Z,1,,325fcc7fcc184fd89c0bbd6875fbc8d1
spotify:track:4LRduJenyc09KondssYObk,ec6e845efede4f3abfce9ac2b3254ff7,2026-04-17T08:16:48Z,2,,325fcc7fcc184fd89c0bbd6875fbc8d1
spotify:track:5oD2Z1OOx1Tmcu2mc9sLY2,ec6e845efede4f3abfce9ac2b3254ff7,2026-04-17T08:16:48Z,1,I was hoping this would end up here!,325fcc7fcc184fd89c0bbd6875fbc8d1
spotify:track:6rlnVshsRWZcrgNDhzvmEB,ec6e845efede4f3abfce9ac2b3254ff7,2026-04-17T08:16:48Z,1,,325fcc7fcc184fd89c0bbd6875fbc8d1
spotify:track:7eXTBoSQm3Xlp67cH2smXZ,ec6e845efede4f3abfce9ac2b3254ff7,2026-04-17T08:16:48Z,1,,325fcc7fcc184fd89c0bbd6875fbc8d1
spotify:track:7LZ3ZDy2v57jt3a8tJGNPi,ec6e845efede4f3abfce9ac2b3254ff7,2026-04-17T08:16:48Z,2,,325fcc7fcc184fd89c0bbd6875fbc8d1
spotify:track:7yauS2RTZt41o1dvcmFiJz,ec6e845efede4f3abfce9ac2b3254ff7,2026-04-17T08:16:48Z,2,,325fcc7fcc184fd89c0bbd6875fbc8d1
spotify:track:1L4GyKQouklbh1VtxVtZkL,b2fd357c852d458f8ea4fa557c68b37f,2026-04-17T09:03:42Z,2,,325fcc7fcc184fd89c0bbd6875fbc8d1
spotify:track:2m0ytBzREXLp0YL1MzkaSE,b2fd357c852d458f8ea4fa557c68b37f,2026-04-17T09:03:42Z,2,,325fcc7fcc184fd89c0bbd6875fbc8d1
spotify:track:3nwqTFSljgbk3zZWaLLkZ0,b2fd357c852d458f8ea4fa557c68b37f,2026-04-17T09:03:42Z,1,,325fcc7fcc184fd89c0bbd6875fbc8d1
spotify:track:6rlnVshsRWZcrgNDhzvmEB,b2fd357c852d458f8ea4fa557c68b37f,2026-04-17T09:03:42Z,1,,325fcc7fcc184fd89c0bbd6875fbc8d1
spotify:track:7LZ3ZDy2v57jt3a8tJGNPi,b2fd357c852d458f8ea4fa557c68b37f,2026-04-17T09:03:42Z,2,,325fcc7fcc184fd89c0bbd6875fbc8d1
spotify:track:7yauS2RTZt41o1dvcmFiJz,b2fd357c852d458f8ea4fa557c68b37f,2026-04-17T09:03:42Z,2,,325fcc7fcc184fd89c0bbd6875fbc8d1
spotify:track:0ajTdSDasJHyu0LrlYggdh,b49a4cb5ad234418b3ff4bdfd2ab321f,2026-04-17T10:07:03Z,2,You don't expect this to do well? Where do you think you are?,325fcc7fcc184fd89c0bbd6875fbc8d1
spotify:track:0r5fNYdvlZnn8AXdwvIt0e,b49a4cb5ad234418b3ff4bdfd2ab321f,2026-04-17T10:07:03Z,1,Feels like there's a few QOTSA that might fit the bill.,325fcc7fcc184fd89c0bbd6875fbc8d1
spotify:track:1L4GyKQouklbh1VtxVtZkL,b49a4cb5ad234418b3ff4bdfd2ab321f,2026-04-17T10:07:03Z,1,"If this was still the first league, I might have Naughty Stepped you for song re-use. But it's not, so I won't.",325fcc7fcc184fd89c0bbd6875fbc8d1
spotify:track:2iD6T3jOWVFDMdCrl3BWHM,b49a4cb5ad234418b3ff4bdfd2ab321f,2026-04-17T10:07:03Z,1,THEIR MOTHER WILL BE FOOOOOOUND.,325fcc7fcc184fd89c0bbd6875fbc8d1
spotify:track:2m0ytBzREXLp0YL1MzkaSE,b49a4cb5ad234418b3ff4bdfd2ab321f,2026-04-17T10:07:03Z,0,Paris. Memphis. San Francisco. Memphis. A Punk Club.,325fcc7fcc184fd89c0bbd6875fbc8d1
spotify:track:3nwqTFSljgbk3zZWaLLkZ0,b49a4cb5ad234418b3ff4bdfd2ab321f,2026-04-17T10:07:03Z,1,Fits the brief brief.,325fcc7fcc184fd89c0bbd6875fbc8d1
spotify:track:3tm3RJSNabk5X6JQvqSYvy,b49a4cb5ad234418b3ff4bdfd2ab321f,2026-04-17T10:07:03Z,0,Is it counted as an advantage or disadvantage when a third of the track is studio sounds?,325fcc7fcc184fd89c0bbd6875fbc8d1
spotify:track:5oD2Z1OOx1Tmcu2mc9sLY2,b49a4cb5ad234418b3ff4bdfd2ab321f,2026-04-17T10:07:03Z,1,"""If he does Orienteering With Napalm Death on you, it's over!""",325fcc7fcc184fd89c0bbd6875fbc8d1
spotify:track:755zbQMSIDhgXU7rlnj1LJ,b49a4cb5ad234418b3ff4bdfd2ab321f,2026-04-17T10:07:03Z,1,Could only be bested by Shane McMahon's theme.,325fcc7fcc184fd89c0bbd6875fbc8d1
spotify:track:7eXTBoSQm3Xlp67cH2smXZ,b49a4cb5ad234418b3ff4bdfd2ab321f,2026-04-17T10:07:03Z,0,Ruined the sandwich by putting lettuce and tomato in it. Naughty Step.,325fcc7fcc184fd89c0bbd6875fbc8d1
spotify:track:7LZ3ZDy2v57jt3a8tJGNPi,b49a4cb5ad234418b3ff4bdfd2ab321f,2026-04-17T10:07:03Z,1,This is a Steve or Joe song and you can't convince me otherwise.,325fcc7fcc184fd89c0bbd6875fbc8d1
spotify:track:7yauS2RTZt41o1dvcmFiJz,b49a4cb5ad234418b3ff4bdfd2ab321f,2026-04-17T10:07:03Z,1,Just proving my point from earlier.,325fcc7fcc184fd89c0bbd6875fbc8d1
spotify:track:0ajTdSDasJHyu0LrlYggdh,7794745d6a054a86b5f0cf46cd34fb54,2026-04-17T11:27:22Z,0,"Maybe it's the genre but this didn't self-contain enough, like a trailer it made me want more than it gave",325fcc7fcc184fd89c0bbd6875fbc8d1
spotify:track:0fQ9YHMzHRwa47N8th4wPY,7794745d6a054a86b5f0cf46cd34fb54,2026-04-17T11:27:22Z,0,I (genuinely) like that they had the space to do more but didn't feel the need to,325fcc7fcc184fd89c0bbd6875fbc8d1
spotify:track:0r5fNYdvlZnn8AXdwvIt0e,7794745d6a054a86b5f0cf46cd34fb54,2026-04-17T11:27:22Z,2,No yeah it's genuinely nice to have QOTSA you don't have to disappear into,325fcc7fcc184fd89c0bbd6875fbc8d1
spotify:track:1L4GyKQouklbh1VtxVtZkL,7794745d6a054a86b5f0cf46cd34fb54,2026-04-17T11:27:22Z,2,They crammed so much in that I had to check it hadn't gone over 2 mins,325fcc7fcc184fd89c0bbd6875fbc8d1
spotify:track:2m0ytBzREXLp0YL1MzkaSE,7794745d6a054a86b5f0cf46cd34fb54,2026-04-17T11:27:22Z,1,"Doesn't do much, does it? But it's got good interlude strength",325fcc7fcc184fd89c0bbd6875fbc8d1
spotify:track:3P1xzYd6oH5PweQzdJCcB9,7794745d6a054a86b5f0cf46cd34fb54,2026-04-17T11:27:22Z,2,Gotta do something when you're not on Smoko,325fcc7fcc184fd89c0bbd6875fbc8d1
spotify:track:3tm3RJSNabk5X6JQvqSYvy,7794745d6a054a86b5f0cf46cd34fb54,2026-04-17T11:27:22Z,0,"In another timeline this could be TMBG (if I had one more point I'd drop it here, sorry!)",325fcc7fcc184fd89c0bbd6875fbc8d1
spotify:track:4LRduJenyc09KondssYObk,7794745d6a054a86b5f0cf46cd34fb54,2026-04-17T11:27:22Z,1,"Don't know how to justify why I like this, or even if I should like it, but I do",325fcc7fcc184fd89c0bbd6875fbc8d1
spotify:track:5oD2Z1OOx1Tmcu2mc9sLY2,7794745d6a054a86b5f0cf46cd34fb54,2026-04-17T11:27:22Z,1,"You are technically correct, the best kind of correct.",325fcc7fcc184fd89c0bbd6875fbc8d1
spotify:track:6rlnVshsRWZcrgNDhzvmEB,7794745d6a054a86b5f0cf46cd34fb54,2026-04-17T11:27:22Z,0,"Actually going to a Mike from Scumface gig tonight. It's a short show, and he'll play all the hits. All of them.",325fcc7fcc184fd89c0bbd6875fbc8d1
spotify:track:7LZ3ZDy2v57jt3a8tJGNPi,7794745d6a054a86b5f0cf46cd34fb54,2026-04-17T11:27:22Z,1,[Vault Boy thumbs-up],325fcc7fcc184fd89c0bbd6875fbc8d1
spotify:track:7yauS2RTZt41o1dvcmFiJz,7794745d6a054a86b5f0cf46cd34fb54,2026-04-17T11:27:22Z,0,"Not going to naughty-step for two QOTSA, but the other is definitely more ""it"" for me",325fcc7fcc184fd89c0bbd6875fbc8d1
spotify:track:0r5fNYdvlZnn8AXdwvIt0e,026acc5a18a94f2bb1097778a32a4dae,2026-04-17T12:32:16Z,3,,325fcc7fcc184fd89c0bbd6875fbc8d1
spotify:track:1L4GyKQouklbh1VtxVtZkL,026acc5a18a94f2bb1097778a32a4dae,2026-04-17T12:32:16Z,1,,325fcc7fcc184fd89c0bbd6875fbc8d1
spotify:track:3tm3RJSNabk5X6JQvqSYvy,026acc5a18a94f2bb1097778a32a4dae,2026-04-17T12:32:16Z,1,,325fcc7fcc184fd89c0bbd6875fbc8d1
spotify:track:4LRduJenyc09KondssYObk,026acc5a18a94f2bb1097778a32a4dae,2026-04-17T12:32:16Z,1,,325fcc7fcc184fd89c0bbd6875fbc8d1
spotify:track:7eXTBoSQm3Xlp67cH2smXZ,026acc5a18a94f2bb1097778a32a4dae,2026-04-17T12:32:16Z,1,,325fcc7fcc184fd89c0bbd6875fbc8d1
spotify:track:7LZ3ZDy2v57jt3a8tJGNPi,026acc5a18a94f2bb1097778a32a4dae,2026-04-17T12:32:16Z,1,,325fcc7fcc184fd89c0bbd6875fbc8d1
spotify:track:7yauS2RTZt41o1dvcmFiJz,026acc5a18a94f2bb1097778a32a4dae,2026-04-17T12:32:16Z,2,,325fcc7fcc184fd89c0bbd6875fbc8d1
spotify:track:2iD6T3jOWVFDMdCrl3BWHM,5d67307c492249f2b00f7b3276919ef5,2026-04-17T17:19:52Z,1,"Apart from being a funny pick it does effectively tell you a short story, which I like.",325fcc7fcc184fd89c0bbd6875fbc8d1
spotify:track:2m0ytBzREXLp0YL1MzkaSE,5d67307c492249f2b00f7b3276919ef5,2026-04-17T17:19:52Z,1,,325fcc7fcc184fd89c0bbd6875fbc8d1
spotify:track:3nwqTFSljgbk3zZWaLLkZ0,5d67307c492249f2b00f7b3276919ef5,2026-04-17T17:19:52Z,1,,325fcc7fcc184fd89c0bbd6875fbc8d1
spotify:track:4LRduJenyc09KondssYObk,5d67307c492249f2b00f7b3276919ef5,2026-04-17T17:19:52Z,0,I am a bird and I say this song is the best TWEET TWEET,325fcc7fcc184fd89c0bbd6875fbc8d1
spotify:track:5oD2Z1OOx1Tmcu2mc9sLY2,5d67307c492249f2b00f7b3276919ef5,2026-04-17T17:19:52Z,1,Really pushing it to the extreme.,325fcc7fcc184fd89c0bbd6875fbc8d1
spotify:track:755zbQMSIDhgXU7rlnj1LJ,5d67307c492249f2b00f7b3276919ef5,2026-04-17T17:19:52Z,2,SILLY,325fcc7fcc184fd89c0bbd6875fbc8d1
spotify:track:7eXTBoSQm3Xlp67cH2smXZ,5d67307c492249f2b00f7b3276919ef5,2026-04-17T17:19:52Z,1,I picture this song playing over footage of someone's dog.,325fcc7fcc184fd89c0bbd6875fbc8d1
spotify:track:7LZ3ZDy2v57jt3a8tJGNPi,5d67307c492249f2b00f7b3276919ef5,2026-04-17T17:19:52Z,3,A jaunty tune. I will admit I love this album but I still think this song is top notch in this bracket.,325fcc7fcc184fd89c0bbd6875fbc8d1
spotify:track:0ajTdSDasJHyu0LrlYggdh,93455c46f7d945a187150fc527630db4,2026-04-17T19:45:55Z,0,I will be investigating these fools.,325fcc7fcc184fd89c0bbd6875fbc8d1
spotify:track:2iD6T3jOWVFDMdCrl3BWHM,93455c46f7d945a187150fc527630db4,2026-04-17T19:45:55Z,3,This is better than it has any right to be. Bonus points because I think this song scoring well will make people mad.,325fcc7fcc184fd89c0bbd6875fbc8d1
spotify:track:2m0ytBzREXLp0YL1MzkaSE,93455c46f7d945a187150fc527630db4,2026-04-17T19:45:55Z,0,"Did get a lauch because of how absurd it is, but too many good tracks this round.",325fcc7fcc184fd89c0bbd6875fbc8d1
spotify:track:3nwqTFSljgbk3zZWaLLkZ0,93455c46f7d945a187150fc527630db4,2026-04-17T19:45:55Z,1,Made me laugh!,325fcc7fcc184fd89c0bbd6875fbc8d1
spotify:track:4LRduJenyc09KondssYObk,93455c46f7d945a187150fc527630db4,2026-04-17T19:45:55Z,3,A scientific voice!,325fcc7fcc184fd89c0bbd6875fbc8d1
spotify:track:5oD2Z1OOx1Tmcu2mc9sLY2,93455c46f7d945a187150fc527630db4,2026-04-17T19:45:55Z,1,"The sound you make when you stub your toe, so accurate I'd say.",325fcc7fcc184fd89c0bbd6875fbc8d1
spotify:track:6rlnVshsRWZcrgNDhzvmEB,93455c46f7d945a187150fc527630db4,2026-04-17T19:45:55Z,1,A relatable feeling.,325fcc7fcc184fd89c0bbd6875fbc8d1
spotify:track:755zbQMSIDhgXU7rlnj1LJ,93455c46f7d945a187150fc527630db4,2026-04-17T19:45:55Z,0,"If you don't like this, you don't like comedy.",325fcc7fcc184fd89c0bbd6875fbc8d1
spotify:track:7LZ3ZDy2v57jt3a8tJGNPi,93455c46f7d945a187150fc527630db4,2026-04-17T19:45:55Z,1,This album in its entirety is so much fun.,325fcc7fcc184fd89c0bbd6875fbc8d1
spotify:track:0ajTdSDasJHyu0LrlYggdh,555c7be4f519498e97a6bf62888fb0df,2026-04-18T20:23:48Z,1,,325fcc7fcc184fd89c0bbd6875fbc8d1
spotify:track:0r5fNYdvlZnn8AXdwvIt0e,555c7be4f519498e97a6bf62888fb0df,2026-04-18T20:23:48Z,2,Because it’s another <2min QOTSA track,325fcc7fcc184fd89c0bbd6875fbc8d1
spotify:track:1L4GyKQouklbh1VtxVtZkL,555c7be4f519498e97a6bf62888fb0df,2026-04-18T20:23:48Z,3,"I saw these live because Joe mentioned them, reminded me of them, and I had one of my favourite pit experiences where I nearly binned it but about eight pairs of hands grabbed my arms and hauled me back to my feet just before I hit the ground ",325fcc7fcc184fd89c0bbd6875fbc8d1
spotify:track:5oD2Z1OOx1Tmcu2mc9sLY2,555c7be4f519498e97a6bf62888fb0df,2026-04-18T20:23:48Z,0,But why?,325fcc7fcc184fd89c0bbd6875fbc8d1
spotify:track:755zbQMSIDhgXU7rlnj1LJ,555c7be4f519498e97a6bf62888fb0df,2026-04-18T20:23:48Z,4,"You’re getting a shitload of points for Aesop Rock, who I’ve loved since Appleseed",325fcc7fcc184fd89c0bbd6875fbc8d1
spotify:track:0ajTdSDasJHyu0LrlYggdh,d21152e7d3cd4a69b0951abdfe3e1480,2026-04-18T20:35:05Z,1,Okay you can have a point,325fcc7fcc184fd89c0bbd6875fbc8d1
spotify:track:1L4GyKQouklbh1VtxVtZkL,d21152e7d3cd4a69b0951abdfe3e1480,2026-04-18T20:35:05Z,4,I still love this,325fcc7fcc184fd89c0bbd6875fbc8d1
spotify:track:2iD6T3jOWVFDMdCrl3BWHM,d21152e7d3cd4a69b0951abdfe3e1480,2026-04-18T20:35:05Z,0,SONIC HEROEEEEES,325fcc7fcc184fd89c0bbd6875fbc8d1
spotify:track:3nwqTFSljgbk3zZWaLLkZ0,d21152e7d3cd4a69b0951abdfe3e1480,2026-04-18T20:35:05Z,5,Its short!,325fcc7fcc184fd89c0bbd6875fbc8d1
spotify:track:0ajTdSDasJHyu0LrlYggdh,f1c713e8e22f4674a449cc92e27d3930,2026-04-19T22:04:56Z,1,,325fcc7fcc184fd89c0bbd6875fbc8d1
spotify:track:0r5fNYdvlZnn8AXdwvIt0e,f1c713e8e22f4674a449cc92e27d3930,2026-04-19T22:04:56Z,2,Seconding the 'nearly went with Yeah' sentiment,325fcc7fcc184fd89c0bbd6875fbc8d1
spotify:track:1L4GyKQouklbh1VtxVtZkL,f1c713e8e22f4674a449cc92e27d3930,2026-04-19T22:04:56Z,0,whoyouknow is 2:03,325fcc7fcc184fd89c0bbd6875fbc8d1
spotify:track:3P1xzYd6oH5PweQzdJCcB9,f1c713e8e22f4674a449cc92e27d3930,2026-04-19T22:04:56Z,2,,325fcc7fcc184fd89c0bbd6875fbc8d1
spotify:track:5oD2Z1OOx1Tmcu2mc9sLY2,f1c713e8e22f4674a449cc92e27d3930,2026-04-19T22:04:56Z,1,Shortest song gets a point,325fcc7fcc184fd89c0bbd6875fbc8d1
spotify:track:755zbQMSIDhgXU7rlnj1LJ,f1c713e8e22f4674a449cc92e27d3930,2026-04-19T22:04:56Z,1,Another successful Destroy and Exit,325fcc7fcc184fd89c0bbd6875fbc8d1
spotify:track:7LZ3ZDy2v57jt3a8tJGNPi,f1c713e8e22f4674a449cc92e27d3930,2026-04-19T22:04:56Z,2,,325fcc7fcc184fd89c0bbd6875fbc8d1
spotify:track:7yauS2RTZt41o1dvcmFiJz,f1c713e8e22f4674a449cc92e27d3930,2026-04-19T22:04:56Z,1,,325fcc7fcc184fd89c0bbd6875fbc8d1
spotify:track:0fQ9YHMzHRwa47N8th4wPY,e4baba279a664e01b42eb740644f095c,2026-04-20T08:43:43Z,2,"Should I be embarrassed about the fact that I haven't really watched any Futurama? 
Anyway, that is to say that you know these points aren't just because of some affinity to the associated show. ",325fcc7fcc184fd89c0bbd6875fbc8d1
spotify:track:0r5fNYdvlZnn8AXdwvIt0e,e4baba279a664e01b42eb740644f095c,2026-04-20T08:43:43Z,2,,325fcc7fcc184fd89c0bbd6875fbc8d1
spotify:track:1L4GyKQouklbh1VtxVtZkL,e4baba279a664e01b42eb740644f095c,2026-04-20T08:43:43Z,1,"I didn't give this points the last time it appeared on the docket, but it was a close thing, so here you go. ",325fcc7fcc184fd89c0bbd6875fbc8d1
spotify:track:2iD6T3jOWVFDMdCrl3BWHM,e4baba279a664e01b42eb740644f095c,2026-04-20T08:43:43Z,0,"This should be right up my alley, I listen to metal covers of video game music all the time, but for some reason this one didn't really gel with me. ",325fcc7fcc184fd89c0bbd6875fbc8d1
spotify:track:3nwqTFSljgbk3zZWaLLkZ0,e4baba279a664e01b42eb740644f095c,2026-04-20T08:43:43Z,0,"Short? Yes. 
Song? Maybe not.
Points? Not from me, I'm afraid. ",325fcc7fcc184fd89c0bbd6875fbc8d1
spotify:track:3P1xzYd6oH5PweQzdJCcB9,e4baba279a664e01b42eb740644f095c,2026-04-20T08:43:43Z,0,"This is another good example of what I don't enjoy about punk. They mostly seem pretty competent, apart from the singer; I can't tell if the off-key vocals is an 'artistic choice' or if he just can't sing. But then, production-wise, the bass tone sounds like it's been routed through some literal mud and the drummer sounds like he's being recorded on a mic on the other side of the room. Hard pass.",325fcc7fcc184fd89c0bbd6875fbc8d1
spotify:track:3tm3RJSNabk5X6JQvqSYvy,e4baba279a664e01b42eb740644f095c,2026-04-20T08:43:43Z,1,There's a nugget of something here; but then his own head distracted him and he just seemed to give up on it! ,325fcc7fcc184fd89c0bbd6875fbc8d1
spotify:track:4LRduJenyc09KondssYObk,e4baba279a664e01b42eb740644f095c,2026-04-20T08:43:43Z,1,"This has strong kids show vibes, but it's jaunty and I can't deny it. ",325fcc7fcc184fd89c0bbd6875fbc8d1
spotify:track:5oD2Z1OOx1Tmcu2mc9sLY2,e4baba279a664e01b42eb740644f095c,2026-04-20T08:43:43Z,0,"Just think of the time dedicated to this being released. They had to record it (fine, maybe they did it live in a room in one take, rather than recording each part individually), then someone had to mix it, then it got mastered. Apparently it got released as a single too, which means cover art, printing, distribution logistics. And they released a video. For this. Mind blowing.",325fcc7fcc184fd89c0bbd6875fbc8d1
spotify:track:6rlnVshsRWZcrgNDhzvmEB,e4baba279a664e01b42eb740644f095c,2026-04-20T08:43:43Z,0,This certainly sounds more competently produced than the other punk entry on the playlist.,325fcc7fcc184fd89c0bbd6875fbc8d1
spotify:track:755zbQMSIDhgXU7rlnj1LJ,e4baba279a664e01b42eb740644f095c,2026-04-20T08:43:43Z,1,"Joe, is this another test?
It says something about this playlist that this is getting a point off me, but I enjoyed the absurdist satire of how hip hop glorifies them dollar dollar bills, y'all.",325fcc7fcc184fd89c0bbd6875fbc8d1
spotify:track:7eXTBoSQm3Xlp67cH2smXZ,e4baba279a664e01b42eb740644f095c,2026-04-20T08:43:43Z,0,"I dunno man, I found this one rather dull.
Also, it's a little egregious to have a 30s fade-out on a 2min song ...  It's a quarter of the runtime!",325fcc7fcc184fd89c0bbd6875fbc8d1
spotify:track:7LZ3ZDy2v57jt3a8tJGNPi,e4baba279a664e01b42eb740644f095c,2026-04-20T08:43:43Z,1,Shining teeth is probably the least of his worries if he's going about kissing radiation sources! ,325fcc7fcc184fd89c0bbd6875fbc8d1
spotify:track:7yauS2RTZt41o1dvcmFiJz,e4baba279a664e01b42eb740644f095c,2026-04-20T08:43:43Z,1,"Definitely prefer the other QOTSA track on this list, but this is still pretty good.
Not sure how to feel about some of these lyrics, mind ... ",325fcc7fcc184fd89c0bbd6875fbc8d1
spotify:track:0r5fNYdvlZnn8AXdwvIt0e,04302c3f51ee440cbf9274f6430702ff,2026-04-20T09:14:29Z,1,,325fcc7fcc184fd89c0bbd6875fbc8d1
spotify:track:1L4GyKQouklbh1VtxVtZkL,04302c3f51ee440cbf9274f6430702ff,2026-04-20T09:14:29Z,1,"This should win, but I put it in a previous round and I feel TRAMPLED UPON so you get one point",325fcc7fcc184fd89c0bbd6875fbc8d1
spotify:track:2m0ytBzREXLp0YL1MzkaSE,04302c3f51ee440cbf9274f6430702ff,2026-04-20T09:14:29Z,0,What the hell was this,325fcc7fcc184fd89c0bbd6875fbc8d1
spotify:track:3nwqTFSljgbk3zZWaLLkZ0,04302c3f51ee440cbf9274f6430702ff,2026-04-20T09:14:29Z,1,I nearly put this in for fun - point!,325fcc7fcc184fd89c0bbd6875fbc8d1
spotify:track:3P1xzYd6oH5PweQzdJCcB9,04302c3f51ee440cbf9274f6430702ff,2026-04-20T09:14:29Z,1,"I will always be a sucker for someone saying ""Walked over to Maccas""",325fcc7fcc184fd89c0bbd6875fbc8d1
spotify:track:3tm3RJSNabk5X6JQvqSYvy,04302c3f51ee440cbf9274f6430702ff,2026-04-20T09:14:29Z,0,This so nearly got points until he started hissing,325fcc7fcc184fd89c0bbd6875fbc8d1
spotify:track:755zbQMSIDhgXU7rlnj1LJ,04302c3f51ee440cbf9274f6430702ff,2026-04-20T09:14:29Z,3,"A lot of fun lines in here, but ""an armful of clocks"" is just spectacular",325fcc7fcc184fd89c0bbd6875fbc8d1
spotify:track:7eXTBoSQm3Xlp67cH2smXZ,04302c3f51ee440cbf9274f6430702ff,2026-04-20T09:14:29Z,3,"I'm pretty sure this is Gav, and I once again feel bad for not looking into Mac DeMarco despite how many times you've implicitly told me to",325fcc7fcc184fd89c0bbd6875fbc8d1
spotify:track:7LZ3ZDy2v57jt3a8tJGNPi,04302c3f51ee440cbf9274f6430702ff,2026-04-20T09:14:29Z,0,I genuinely love this song,325fcc7fcc184fd89c0bbd6875fbc8d1
spotify:track:0ajTdSDasJHyu0LrlYggdh,6495e706501d405b96d5a435a5903ca7,2026-04-20T20:44:44Z,1,"Initially wasn't sure, but I like how dramatic this is",325fcc7fcc184fd89c0bbd6875fbc8d1
spotify:track:1L4GyKQouklbh1VtxVtZkL,6495e706501d405b96d5a435a5903ca7,2026-04-20T20:44:44Z,1,"De ja vu. I must say, this song has grown a bit more on me the second time around. ",325fcc7fcc184fd89c0bbd6875fbc8d1
spotify:track:2iD6T3jOWVFDMdCrl3BWHM,6495e706501d405b96d5a435a5903ca7,2026-04-20T20:44:44Z,0,Is this a safe place to admit I've never played Sonic Underground ,325fcc7fcc184fd89c0bbd6875fbc8d1
spotify:track:2m0ytBzREXLp0YL1MzkaSE,6495e706501d405b96d5a435a5903ca7,2026-04-20T20:44:44Z,2,"It feels illegal listening to this without wearing sunglasses

I wondered if this would have the same vibe if it was UK locations e.g. Wirral. Teesside. Stoke on Trent. Bath. York. Birmingham. Scunthorpe. ",325fcc7fcc184fd89c0bbd6875fbc8d1
spotify:track:3nwqTFSljgbk3zZWaLLkZ0,6495e706501d405b96d5a435a5903ca7,2026-04-20T20:44:44Z,0,It is indeed short,325fcc7fcc184fd89c0bbd6875fbc8d1
spotify:track:3P1xzYd6oH5PweQzdJCcB9,6495e706501d405b96d5a435a5903ca7,2026-04-20T20:44:44Z,2,"Oh naur! 
Wasn't sure at first, but starting to like this band - Spotify later played On Smoko and I really enjoyed it 
Is Nambored, like, ""Nah, I'm bored"" - if so, will be stealing this phrase. ",325fcc7fcc184fd89c0bbd6875fbc8d1
spotify:track:3tm3RJSNabk5X6JQvqSYvy,6495e706501d405b96d5a435a5903ca7,2026-04-20T20:44:44Z,2,Loving the snake impression.,325fcc7fcc184fd89c0bbd6875fbc8d1
spotify:track:4LRduJenyc09KondssYObk,6495e706501d405b96d5a435a5903ca7,2026-04-20T20:44:44Z,1,This is cheery. And now I want to teach a parakeet to talk,325fcc7fcc184fd89c0bbd6875fbc8d1
spotify:track:5oD2Z1OOx1Tmcu2mc9sLY2,6495e706501d405b96d5a435a5903ca7,2026-04-20T20:44:44Z,0,I appreciate how quick this is,325fcc7fcc184fd89c0bbd6875fbc8d1
spotify:track:6rlnVshsRWZcrgNDhzvmEB,6495e706501d405b96d5a435a5903ca7,2026-04-20T20:44:44Z,0,This man is very shouty. I may enjoy this more if I wasn't listening to this playlist immediately after a 13 hour shift.,325fcc7fcc184fd89c0bbd6875fbc8d1
spotify:track:755zbQMSIDhgXU7rlnj1LJ,6495e706501d405b96d5a435a5903ca7,2026-04-20T20:44:44Z,0,I have 0 money,325fcc7fcc184fd89c0bbd6875fbc8d1
spotify:track:7eXTBoSQm3Xlp67cH2smXZ,6495e706501d405b96d5a435a5903ca7,2026-04-20T20:44:44Z,0,"Wanted to enjoy this, may have just suffered for points due to the tempo whiplash from majority of the playlist. 


Also I'm now hungry for sandwich.",325fcc7fcc184fd89c0bbd6875fbc8d1
spotify:track:7LZ3ZDy2v57jt3a8tJGNPi,6495e706501d405b96d5a435a5903ca7,2026-04-20T20:44:44Z,0,"I do want to give points, but I've never been able to get into this genre personally. But I appreciate the chance to listen and to learn a bit more :).",325fcc7fcc184fd89c0bbd6875fbc8d1
spotify:track:7yauS2RTZt41o1dvcmFiJz,6495e706501d405b96d5a435a5903ca7,2026-04-20T20:44:44Z,1,Ohh QOTSA friend for the round :) ,325fcc7fcc184fd89c0bbd6875fbc8d1
spotify:track:0ajTdSDasJHyu0LrlYggdh,0e033461ae5447c6b172e593d11ec57c,2026-04-21T05:07:06Z,0,Bin juice. ,325fcc7fcc184fd89c0bbd6875fbc8d1
spotify:track:0fQ9YHMzHRwa47N8th4wPY,0e033461ae5447c6b172e593d11ec57c,2026-04-21T05:07:06Z,1,Absolute stunner.,325fcc7fcc184fd89c0bbd6875fbc8d1
spotify:track:0r5fNYdvlZnn8AXdwvIt0e,0e033461ae5447c6b172e593d11ec57c,2026-04-21T05:07:06Z,0,Absolute banger but it’s a strong round and there’s two QOTSA songs. ,325fcc7fcc184fd89c0bbd6875fbc8d1
spotify:track:1L4GyKQouklbh1VtxVtZkL,0e033461ae5447c6b172e593d11ec57c,2026-04-21T05:07:06Z,0,Submitting a song we’ve already had is the Music League Jail equivalent of being Fred West. ,325fcc7fcc184fd89c0bbd6875fbc8d1
spotify:track:2iD6T3jOWVFDMdCrl3BWHM,0e033461ae5447c6b172e593d11ec57c,2026-04-21T05:07:06Z,0,We need to start checking IDs. ,325fcc7fcc184fd89c0bbd6875fbc8d1
spotify:track:2m0ytBzREXLp0YL1MzkaSE,0e033461ae5447c6b172e593d11ec57c,2026-04-21T05:07:06Z,1,"Fuck, yes! ",325fcc7fcc184fd89c0bbd6875fbc8d1
spotify:track:3nwqTFSljgbk3zZWaLLkZ0,0e033461ae5447c6b172e593d11ec57c,2026-04-21T05:07:06Z,1,Gotta have a point for silliness. ,325fcc7fcc184fd89c0bbd6875fbc8d1
spotify:track:3P1xzYd6oH5PweQzdJCcB9,0e033461ae5447c6b172e593d11ec57c,2026-04-21T05:07:06Z,1,Bloody loved this! ,325fcc7fcc184fd89c0bbd6875fbc8d1
spotify:track:3tm3RJSNabk5X6JQvqSYvy,0e033461ae5447c6b172e593d11ec57c,2026-04-21T05:07:06Z,2,"Never heard this. Love this. 
",325fcc7fcc184fd89c0bbd6875fbc8d1
spotify:track:4LRduJenyc09KondssYObk,0e033461ae5447c6b172e593d11ec57c,2026-04-21T05:07:06Z,1,Just superb stuff! ,325fcc7fcc184fd89c0bbd6875fbc8d1
spotify:track:5oD2Z1OOx1Tmcu2mc9sLY2,0e033461ae5447c6b172e593d11ec57c,2026-04-21T05:07:06Z,1,So daft. Here’s a point. ,325fcc7fcc184fd89c0bbd6875fbc8d1
spotify:track:6rlnVshsRWZcrgNDhzvmEB,0e033461ae5447c6b172e593d11ec57c,2026-04-21T05:07:06Z,0,Quite noisy this one.,325fcc7fcc184fd89c0bbd6875fbc8d1
spotify:track:755zbQMSIDhgXU7rlnj1LJ,0e033461ae5447c6b172e593d11ec57c,2026-04-21T05:07:06Z,1,BANGER TOWN. ,325fcc7fcc184fd89c0bbd6875fbc8d1
spotify:track:7eXTBoSQm3Xlp67cH2smXZ,0e033461ae5447c6b172e593d11ec57c,2026-04-21T05:07:06Z,0,Best song on here not about snakes. ,325fcc7fcc184fd89c0bbd6875fbc8d1
spotify:track:7LZ3ZDy2v57jt3a8tJGNPi,0e033461ae5447c6b172e593d11ec57c,2026-04-21T05:07:06Z,1,Just lovely. ,325fcc7fcc184fd89c0bbd6875fbc8d1
spotify:track:7yauS2RTZt41o1dvcmFiJz,0e033461ae5447c6b172e593d11ec57c,2026-04-21T05:07:06Z,0,Absolute banger but it’s a strong round and there’s two QOTSA songs. ,325fcc7fcc184fd89c0bbd6875fbc8d1
spotify:track:07kdDrDug1s26RkiB06PZJ,c9020fb4892a4c77aaeded2efd21f9b4,2026-04-24T07:55:01Z,1,"Hard to believe it's been ten years since we lost him. Honestly gotta give this one some love cos yeah, David Bowie, David Fucking Bowie! I hope he heard it sometime.",66b843860ed94fc398206cfdebde3066
spotify:track:0IfjReTYtafqN3uCfO3Xva,c9020fb4892a4c77aaeded2efd21f9b4,2026-04-24T07:55:01Z,1,"Flag going up, gold medal around your neck at the Olympics, ""I just want another guuuurl"". Yeah, it could work.",66b843860ed94fc398206cfdebde3066
spotify:track:1x8tSDNiQQdGSljjcsOOus,c9020fb4892a4c77aaeded2efd21f9b4,2026-04-24T07:55:01Z,0,"No thanks but always love the word ""dirge""",66b843860ed94fc398206cfdebde3066
spotify:track:2Bz2Q1JNwwPj40T9AvzE7f,c9020fb4892a4c77aaeded2efd21f9b4,2026-04-24T07:55:01Z,0,"Let's not, yeah?",66b843860ed94fc398206cfdebde3066
spotify:track:47llw29VMRqLBcAZt0KmBQ,c9020fb4892a4c77aaeded2efd21f9b4,2026-04-24T07:55:01Z,0,Unfortunately now I have to compare this to the Wallace & Gromit theme! And that would have been fantastic.,66b843860ed94fc398206cfdebde3066
spotify:track:4b4QvL2BztFIZm9SGTKoGU,c9020fb4892a4c77aaeded2efd21f9b4,2026-04-24T07:55:01Z,1,I don't love it but it really nails the brief. Well done.,66b843860ed94fc398206cfdebde3066
spotify:track:59Id4KrBWiizuq53doxWtp,c9020fb4892a4c77aaeded2efd21f9b4,2026-04-24T07:55:01Z,1,"Lots of dirge talk this round. Love it! Great word, great Transformer.",66b843860ed94fc398206cfdebde3066
spotify:track:5V3ZFMfg2X04VZOHZSB0aE,c9020fb4892a4c77aaeded2efd21f9b4,2026-04-24T07:55:01Z,1,The irony gets you points. Well done. But fuck this is long.,66b843860ed94fc398206cfdebde3066
spotify:track:6BeyGKfd7D5WtrG080d3cA,c9020fb4892a4c77aaeded2efd21f9b4,2026-04-24T07:55:01Z,1,"Do you Poms sing the anthem before football matches like the Yanks sing theirs before bloody everything? Cos as you say it's odd, but it definitely creates a mood. It's not terrible!",66b843860ed94fc398206cfdebde3066
spotify:track:6ewN9MaFbi78oDLT9wYDgn,c9020fb4892a4c77aaeded2efd21f9b4,2026-04-24T07:55:01Z,0,"As I'm sure everyone will comment, as long as it's Steve's version.
""Spook-y noooise""",66b843860ed94fc398206cfdebde3066
spotify:track:6YhSGEQqbJ88RtARKhxgAc,c9020fb4892a4c77aaeded2efd21f9b4,2026-04-24T07:55:01Z,1,"I want to love IDLES but his voice just puts me off. Shame cos they're saying stuff folks should be hearing and the music's good. Good pick, even struggling. Well done.",66b843860ed94fc398206cfdebde3066
spotify:track:75D3n6wnFQmu1HVmLAlWM4,c9020fb4892a4c77aaeded2efd21f9b4,2026-04-24T07:55:01Z,1,"Spent the whole first verse having zero memory of the song, ready to object strongly to ""You already know them!"", then the chorus comes fucking crashing in like an avalanche of teenage nostalgia. Wow. I had buried this one DEEP.",66b843860ed94fc398206cfdebde3066
spotify:track:76MX4FN4cR1RgYHT6QYuwM,c9020fb4892a4c77aaeded2efd21f9b4,2026-04-24T07:55:01Z,2,This goes way harder than the lovely music would suggest. Wow.,66b843860ed94fc398206cfdebde3066
spotify:track:7g8cjrj0sXScNE727685JE,c9020fb4892a4c77aaeded2efd21f9b4,2026-04-24T07:55:01Z,0,I mean you're not wrong.,66b843860ed94fc398206cfdebde3066
spotify:track:0IfjReTYtafqN3uCfO3Xva,1af891d6b3bf4540a518ddd5b310e3b9,2026-04-24T09:14:38Z,1,,66b843860ed94fc398206cfdebde3066
spotify:track:54otluCUt7Pzvi8JC6aJE5,1af891d6b3bf4540a518ddd5b310e3b9,2026-04-24T09:14:38Z,1,,66b843860ed94fc398206cfdebde3066
spotify:track:59Id4KrBWiizuq53doxWtp,1af891d6b3bf4540a518ddd5b310e3b9,2026-04-24T09:14:38Z,3,Big Royal Marines Band Service doing I Vow To Thee My Country vibes in the area. Love it.,66b843860ed94fc398206cfdebde3066
spotify:track:5V3ZFMfg2X04VZOHZSB0aE,1af891d6b3bf4540a518ddd5b310e3b9,2026-04-24T09:14:38Z,1,,66b843860ed94fc398206cfdebde3066
spotify:track:6BeyGKfd7D5WtrG080d3cA,1af891d6b3bf4540a518ddd5b310e3b9,2026-04-24T09:14:38Z,3,Yes please. We can get a carnyx section in the crowds at sporting events.,66b843860ed94fc398206cfdebde3066
spotify:track:75D3n6wnFQmu1HVmLAlWM4,1af891d6b3bf4540a518ddd5b310e3b9,2026-04-24T09:14:38Z,1,,66b843860ed94fc398206cfdebde3066
spotify:track:07kdDrDug1s26RkiB06PZJ,026acc5a18a94f2bb1097778a32a4dae,2026-04-24T09:22:23Z,0,"God save the David Bowie.

But not like this.",66b843860ed94fc398206cfdebde3066
spotify:track:0IfjReTYtafqN3uCfO3Xva,026acc5a18a94f2bb1097778a32a4dae,2026-04-24T09:22:23Z,0,I feel like Billy is being very clear that he's more worried about his personal love life than the good of the nation.,66b843860ed94fc398206cfdebde3066
spotify:track:1x8tSDNiQQdGSljjcsOOus,026acc5a18a94f2bb1097778a32a4dae,2026-04-24T09:22:23Z,1,I can see this still being a bit dirgey played at the start of a football match.,66b843860ed94fc398206cfdebde3066
spotify:track:2Bz2Q1JNwwPj40T9AvzE7f,026acc5a18a94f2bb1097778a32a4dae,2026-04-24T09:22:23Z,0,"I love the Beastie Boys, but it's not screaming national anthem to me.",66b843860ed94fc398206cfdebde3066
spotify:track:47llw29VMRqLBcAZt0KmBQ,026acc5a18a94f2bb1097778a32a4dae,2026-04-24T09:22:23Z,1,"You get a bonus point for the album art.

I think you'd have mopped up with the W&G theme personally.",66b843860ed94fc398206cfdebde3066
spotify:track:4b4QvL2BztFIZm9SGTKoGU,026acc5a18a94f2bb1097778a32a4dae,2026-04-24T09:22:23Z,1,Honourable mention.,66b843860ed94fc398206cfdebde3066
spotify:track:54otluCUt7Pzvi8JC6aJE5,026acc5a18a94f2bb1097778a32a4dae,2026-04-24T09:22:23Z,2,Marking this as the best non-British national anthem here.,66b843860ed94fc398206cfdebde3066
spotify:track:59Id4KrBWiizuq53doxWtp,026acc5a18a94f2bb1097778a32a4dae,2026-04-24T09:22:23Z,0,I have to write the lyrics myself? That feels like phoning it in.,66b843860ed94fc398206cfdebde3066
spotify:track:6BeyGKfd7D5WtrG080d3cA,026acc5a18a94f2bb1097778a32a4dae,2026-04-24T09:22:23Z,0,Do parts of this sound incredibly like Foreplay/Longtime by Boston or is it me?,66b843860ed94fc398206cfdebde3066
spotify:track:6ewN9MaFbi78oDLT9wYDgn,026acc5a18a94f2bb1097778a32a4dae,2026-04-24T09:22:23Z,0,Previously submitted. That's a naughty step. ,66b843860ed94fc398206cfdebde3066
spotify:track:6YhSGEQqbJ88RtARKhxgAc,026acc5a18a94f2bb1097778a32a4dae,2026-04-24T09:22:23Z,1,"Does paint a good portrayal of village life.

Toodle-fucking-do.",66b843860ed94fc398206cfdebde3066
spotify:track:76MX4FN4cR1RgYHT6QYuwM,026acc5a18a94f2bb1097778a32a4dae,2026-04-24T09:22:23Z,3,Nailed it.,66b843860ed94fc398206cfdebde3066
spotify:track:7uvkMQ0fWddq9QlGkOtcO7,026acc5a18a94f2bb1097778a32a4dae,2026-04-24T09:22:23Z,1,Honourable mention.,66b843860ed94fc398206cfdebde3066
spotify:track:2Bz2Q1JNwwPj40T9AvzE7f,b2fd357c852d458f8ea4fa557c68b37f,2026-04-24T10:05:38Z,1,,66b843860ed94fc398206cfdebde3066
spotify:track:47llw29VMRqLBcAZt0KmBQ,b2fd357c852d458f8ea4fa557c68b37f,2026-04-24T10:05:38Z,1,,66b843860ed94fc398206cfdebde3066
spotify:track:4b4QvL2BztFIZm9SGTKoGU,b2fd357c852d458f8ea4fa557c68b37f,2026-04-24T10:05:38Z,1,,66b843860ed94fc398206cfdebde3066
spotify:track:54otluCUt7Pzvi8JC6aJE5,b2fd357c852d458f8ea4fa557c68b37f,2026-04-24T10:05:38Z,1,,66b843860ed94fc398206cfdebde3066
spotify:track:59Id4KrBWiizuq53doxWtp,b2fd357c852d458f8ea4fa557c68b37f,2026-04-24T10:05:38Z,1,"Alternatively to your pitch, maybe we don't need lyrics. What if instead of having to sing the national anthem we all just sort of listened to some music for a bit. Just a bit of a break.",66b843860ed94fc398206cfdebde3066
spotify:track:5V3ZFMfg2X04VZOHZSB0aE,b2fd357c852d458f8ea4fa557c68b37f,2026-04-24T10:05:38Z,1,,66b843860ed94fc398206cfdebde3066
spotify:track:6BeyGKfd7D5WtrG080d3cA,b2fd357c852d458f8ea4fa557c68b37f,2026-04-24T10:05:38Z,1,,66b843860ed94fc398206cfdebde3066
spotify:track:6ewN9MaFbi78oDLT9wYDgn,b2fd357c852d458f8ea4fa557c68b37f,2026-04-24T10:05:38Z,0,"NAUGHTY STEP

Banger track tho",66b843860ed94fc398206cfdebde3066
spotify:track:6YhSGEQqbJ88RtARKhxgAc,b2fd357c852d458f8ea4fa557c68b37f,2026-04-24T10:05:38Z,1,Pretty good for a struggle pick!,66b843860ed94fc398206cfdebde3066
spotify:track:75D3n6wnFQmu1HVmLAlWM4,b2fd357c852d458f8ea4fa557c68b37f,2026-04-24T10:05:38Z,1,Classic Banger!,66b843860ed94fc398206cfdebde3066
spotify:track:7g8cjrj0sXScNE727685JE,b2fd357c852d458f8ea4fa557c68b37f,2026-04-24T10:05:38Z,1,,66b843860ed94fc398206cfdebde3066
spotify:track:1x8tSDNiQQdGSljjcsOOus,ec6e845efede4f3abfce9ac2b3254ff7,2026-04-24T10:14:43Z,10,"I think this is absolutely perfect for the brief. It sounds like it could be a national anthem already and the lyrics are very evocative of England/Britain. Spot on, No notes!",66b843860ed94fc398206cfdebde3066
spotify:track:07kdDrDug1s26RkiB06PZJ,b49a4cb5ad234418b3ff4bdfd2ab321f,2026-04-24T13:07:25Z,1,"Almost overtakes 'Bowie' by Flight Of The Conchords as the best song about Bowie, and Bowie is absolutely one of our best exports.",66b843860ed94fc398206cfdebde3066
spotify:track:1x8tSDNiQQdGSljjcsOOus,b49a4cb5ad234418b3ff4bdfd2ab321f,2026-04-24T13:07:25Z,0,I don't care if nobody in the crowd could reach the notes.,66b843860ed94fc398206cfdebde3066
spotify:track:2Bz2Q1JNwwPj40T9AvzE7f,b49a4cb5ad234418b3ff4bdfd2ab321f,2026-04-24T13:07:25Z,1,"Well, well God save our gracious QUEEN
Long live our noble QUEEN
God save the QUEEN
Send her OHHHHH....VICTOOOORIOOOOOUS
Ha-p-p-y and GLORIOUS",66b843860ed94fc398206cfdebde3066
spotify:track:47llw29VMRqLBcAZt0KmBQ,b49a4cb5ad234418b3ff4bdfd2ab321f,2026-04-24T13:07:25Z,1,"I like it, but I'm not sure if the crowds could stumble along John Cooper-Clarke style with the verse.",66b843860ed94fc398206cfdebde3066
spotify:track:4b4QvL2BztFIZm9SGTKoGU,b49a4cb5ad234418b3ff4bdfd2ab321f,2026-04-24T13:07:25Z,1,Reform probably wrote this down verbatim as their manifesto without a hint of irony.,66b843860ed94fc398206cfdebde3066
spotify:track:54otluCUt7Pzvi8JC6aJE5,b49a4cb5ad234418b3ff4bdfd2ab321f,2026-04-24T13:07:25Z,1,You could have said this was the Australian National Anthem already and I'd probably believe you.,66b843860ed94fc398206cfdebde3066
spotify:track:59Id4KrBWiizuq53doxWtp,b49a4cb5ad234418b3ff4bdfd2ab321f,2026-04-24T13:07:25Z,1,"If The Powers That Be will insist on our National Anthem being 'classical music', let's at least change it up every time there's a new monarch or something.",66b843860ed94fc398206cfdebde3066
spotify:track:5V3ZFMfg2X04VZOHZSB0aE,b49a4cb5ad234418b3ff4bdfd2ab321f,2026-04-24T13:07:25Z,0,Unfortunately already one-upped by the existence of Fat Les' Vindaloo.,66b843860ed94fc398206cfdebde3066
spotify:track:6BeyGKfd7D5WtrG080d3cA,b49a4cb5ad234418b3ff4bdfd2ab321f,2026-04-24T13:07:25Z,1,My own pick mentions some of the pagan side of things too like wassailing. THE OLD WAYS REMAIN.,66b843860ed94fc398206cfdebde3066
spotify:track:6ewN9MaFbi78oDLT9wYDgn,b49a4cb5ad234418b3ff4bdfd2ab321f,2026-04-24T13:07:25Z,1,"Unofficially the anthem for about 45 years now, even if younger folks might not know it.",66b843860ed94fc398206cfdebde3066
spotify:track:75D3n6wnFQmu1HVmLAlWM4,b49a4cb5ad234418b3ff4bdfd2ab321f,2026-04-24T13:07:25Z,1,"Been a hot minute since I last listened to this album, but you what, I see the vision.",66b843860ed94fc398206cfdebde3066
spotify:track:76MX4FN4cR1RgYHT6QYuwM,b49a4cb5ad234418b3ff4bdfd2ab321f,2026-04-24T13:07:25Z,0,"Another stinging critique of the modern world, but I don't see the crowd joining in.",66b843860ed94fc398206cfdebde3066
spotify:track:7g8cjrj0sXScNE727685JE,b49a4cb5ad234418b3ff4bdfd2ab321f,2026-04-24T13:07:25Z,1,I still swear the main synth-line from this comes from a Commodore 64 game I used to play as a child.,66b843860ed94fc398206cfdebde3066
spotify:track:7uvkMQ0fWddq9QlGkOtcO7,b49a4cb5ad234418b3ff4bdfd2ab321f,2026-04-24T13:07:25Z,0,Short. Not too many words. Needs the title in the lyrics though for it to have won my vote.,66b843860ed94fc398206cfdebde3066
spotify:track:59Id4KrBWiizuq53doxWtp,f1c713e8e22f4674a449cc92e27d3930,2026-04-24T20:06:13Z,2,I really appreciate the research that went into this. I hope you are unsuccessful in your bid for the new national anthem because I quite like the Planets suite and I'd hate to have to stop listening to it.,66b843860ed94fc398206cfdebde3066
spotify:track:5V3ZFMfg2X04VZOHZSB0aE,f1c713e8e22f4674a449cc92e27d3930,2026-04-24T20:06:13Z,2,TPM are the only MCs,66b843860ed94fc398206cfdebde3066
spotify:track:6BeyGKfd7D5WtrG080d3cA,f1c713e8e22f4674a449cc92e27d3930,2026-04-24T20:06:13Z,1,𝔠𝔬𝔪𝔢 𝔲𝔭 𝔱𝔬 𝔱𝔥𝔢 𝔥𝔦𝔩𝔩,66b843860ed94fc398206cfdebde3066
spotify:track:6ewN9MaFbi78oDLT9wYDgn,f1c713e8e22f4674a449cc92e27d3930,2026-04-24T20:06:13Z,0,Fuck Graham Linehan.,66b843860ed94fc398206cfdebde3066
spotify:track:6YhSGEQqbJ88RtARKhxgAc,f1c713e8e22f4674a449cc92e27d3930,2026-04-24T20:06:13Z,1,"This happened to be on my freeplay lately, I liked it then and I like it now.",66b843860ed94fc398206cfdebde3066
spotify:track:75D3n6wnFQmu1HVmLAlWM4,f1c713e8e22f4674a449cc92e27d3930,2026-04-24T20:06:13Z,0,"I cannot in good faith give this even a single point, but very well played.",66b843860ed94fc398206cfdebde3066
spotify:track:76MX4FN4cR1RgYHT6QYuwM,f1c713e8e22f4674a449cc92e27d3930,2026-04-24T20:06:13Z,2,I suspect a race condition in a couple of weeks.,66b843860ed94fc398206cfdebde3066
spotify:track:7uvkMQ0fWddq9QlGkOtcO7,f1c713e8e22f4674a449cc92e27d3930,2026-04-24T20:06:13Z,2,"I never saw FOTL live because they cancelled their Belfast gig. I complained to mclusky, but..",66b843860ed94fc398206cfdebde3066
spotify:track:07kdDrDug1s26RkiB06PZJ,5d67307c492249f2b00f7b3276919ef5,2026-04-26T03:50:48Z,1,,66b843860ed94fc398206cfdebde3066
spotify:track:1x8tSDNiQQdGSljjcsOOus,5d67307c492249f2b00f7b3276919ef5,2026-04-26T03:50:48Z,0,"It sounds more like a lullaby to me. A nice one, but not anthem energy.",66b843860ed94fc398206cfdebde3066
spotify:track:2Bz2Q1JNwwPj40T9AvzE7f,5d67307c492249f2b00f7b3276919ef5,2026-04-26T03:50:48Z,0,This is my tough cut this round.,66b843860ed94fc398206cfdebde3066
spotify:track:4b4QvL2BztFIZm9SGTKoGU,5d67307c492249f2b00f7b3276919ef5,2026-04-26T03:50:48Z,1,,66b843860ed94fc398206cfdebde3066
spotify:track:54otluCUt7Pzvi8JC6aJE5,5d67307c492249f2b00f7b3276919ef5,2026-04-26T03:50:48Z,1,Is this a Ska?,66b843860ed94fc398206cfdebde3066
spotify:track:59Id4KrBWiizuq53doxWtp,5d67307c492249f2b00f7b3276919ef5,2026-04-26T03:50:48Z,1,I think there are only 1 or 2 national anthems without lyrics. And the gall to make it nearly 8 minutes long! I can't resist.,66b843860ed94fc398206cfdebde3066
spotify:track:5V3ZFMfg2X04VZOHZSB0aE,5d67307c492249f2b00f7b3276919ef5,2026-04-26T03:50:48Z,1,,66b843860ed94fc398206cfdebde3066
spotify:track:6BeyGKfd7D5WtrG080d3cA,5d67307c492249f2b00f7b3276919ef5,2026-04-26T03:50:48Z,1,,66b843860ed94fc398206cfdebde3066
spotify:track:6YhSGEQqbJ88RtARKhxgAc,5d67307c492249f2b00f7b3276919ef5,2026-04-26T03:50:48Z,1,,66b843860ed94fc398206cfdebde3066
spotify:track:75D3n6wnFQmu1HVmLAlWM4,5d67307c492249f2b00f7b3276919ef5,2026-04-26T03:50:48Z,1,,66b843860ed94fc398206cfdebde3066
spotify:track:76MX4FN4cR1RgYHT6QYuwM,5d67307c492249f2b00f7b3276919ef5,2026-04-26T03:50:48Z,1,,66b843860ed94fc398206cfdebde3066
spotify:track:7g8cjrj0sXScNE727685JE,5d67307c492249f2b00f7b3276919ef5,2026-04-26T03:50:48Z,1,,66b843860ed94fc398206cfdebde3066
spotify:track:0IfjReTYtafqN3uCfO3Xva,555c7be4f519498e97a6bf62888fb0df,2026-04-26T05:04:06Z,2,,66b843860ed94fc398206cfdebde3066
spotify:track:4b4QvL2BztFIZm9SGTKoGU,555c7be4f519498e97a6bf62888fb0df,2026-04-26T05:04:06Z,1,,66b843860ed94fc398206cfdebde3066
spotify:track:54otluCUt7Pzvi8JC6aJE5,555c7be4f519498e97a6bf62888fb0df,2026-04-26T05:04:06Z,4,,66b843860ed94fc398206cfdebde3066
spotify:track:5V3ZFMfg2X04VZOHZSB0aE,555c7be4f519498e97a6bf62888fb0df,2026-04-26T05:04:06Z,1,,66b843860ed94fc398206cfdebde3066
spotify:track:6YhSGEQqbJ88RtARKhxgAc,555c7be4f519498e97a6bf62888fb0df,2026-04-26T05:04:06Z,2,,66b843860ed94fc398206cfdebde3066
spotify:track:75D3n6wnFQmu1HVmLAlWM4,0e033461ae5447c6b172e593d11ec57c,2026-04-26T19:42:21Z,0,ChatGPT choice. ,66b843860ed94fc398206cfdebde3066
spotify:track:07kdDrDug1s26RkiB06PZJ,0e033461ae5447c6b172e593d11ec57c,2026-04-26T19:42:21Z,0,Honking. ,66b843860ed94fc398206cfdebde3066
spotify:track:0IfjReTYtafqN3uCfO3Xva,0e033461ae5447c6b172e593d11ec57c,2026-04-26T19:42:21Z,0,Can’t bring myself to give anything with ‘England’ in the title a point. ,66b843860ed94fc398206cfdebde3066
spotify:track:1x8tSDNiQQdGSljjcsOOus,0e033461ae5447c6b172e593d11ec57c,2026-04-26T19:42:21Z,0,Better than God Save the Queen but that’s not hard is it? ,66b843860ed94fc398206cfdebde3066
spotify:track:2Bz2Q1JNwwPj40T9AvzE7f,0e033461ae5447c6b172e593d11ec57c,2026-04-26T19:42:21Z,0,Best song not about zombies. ,66b843860ed94fc398206cfdebde3066
spotify:track:47llw29VMRqLBcAZt0KmBQ,0e033461ae5447c6b172e593d11ec57c,2026-04-26T19:42:21Z,2,Got into these last year and I’m fuckin obsessed. I love this idea. ,66b843860ed94fc398206cfdebde3066
spotify:track:4b4QvL2BztFIZm9SGTKoGU,0e033461ae5447c6b172e593d11ec57c,2026-04-26T19:42:21Z,1,Lush! ,66b843860ed94fc398206cfdebde3066
spotify:track:54otluCUt7Pzvi8JC6aJE5,0e033461ae5447c6b172e593d11ec57c,2026-04-26T19:42:21Z,0,Bin juice. ,66b843860ed94fc398206cfdebde3066
spotify:track:59Id4KrBWiizuq53doxWtp,0e033461ae5447c6b172e593d11ec57c,2026-04-26T19:42:21Z,0,Not reading all that. ,66b843860ed94fc398206cfdebde3066
spotify:track:5V3ZFMfg2X04VZOHZSB0aE,0e033461ae5447c6b172e593d11ec57c,2026-04-26T19:42:21Z,2,Fuckin love this! ,66b843860ed94fc398206cfdebde3066
spotify:track:6BeyGKfd7D5WtrG080d3cA,0e033461ae5447c6b172e593d11ec57c,2026-04-26T19:42:21Z,0,Lot going on here. ,66b843860ed94fc398206cfdebde3066
spotify:track:6YhSGEQqbJ88RtARKhxgAc,0e033461ae5447c6b172e593d11ec57c,2026-04-26T19:42:21Z,0,"Yes, you did. ",66b843860ed94fc398206cfdebde3066
spotify:track:76MX4FN4cR1RgYHT6QYuwM,0e033461ae5447c6b172e593d11ec57c,2026-04-26T19:42:21Z,1,I thought this was gonna be a mess but I had a lovely time. ,66b843860ed94fc398206cfdebde3066
spotify:track:7g8cjrj0sXScNE727685JE,0e033461ae5447c6b172e593d11ec57c,2026-04-26T19:42:21Z,2,A Welsh football anthem! Love it! ,66b843860ed94fc398206cfdebde3066
spotify:track:7uvkMQ0fWddq9QlGkOtcO7,0e033461ae5447c6b172e593d11ec57c,2026-04-26T19:42:21Z,2,Banger town! ,66b843860ed94fc398206cfdebde3066
spotify:track:6ewN9MaFbi78oDLT9wYDgn,93455c46f7d945a187150fc527630db4,2026-04-26T20:59:08Z,0,"I'm sorry, I just can't ever hear this as anything but a jingle ever again",66b843860ed94fc398206cfdebde3066
spotify:track:5V3ZFMfg2X04VZOHZSB0aE,93455c46f7d945a187150fc527630db4,2026-04-26T20:59:08Z,0,My other choice was the Doctor Who theme song.,66b843860ed94fc398206cfdebde3066
spotify:track:4b4QvL2BztFIZm9SGTKoGU,93455c46f7d945a187150fc527630db4,2026-04-26T20:59:08Z,1,Got a laugh out of me for sure,66b843860ed94fc398206cfdebde3066
spotify:track:07kdDrDug1s26RkiB06PZJ,93455c46f7d945a187150fc527630db4,2026-04-26T20:59:08Z,1,I liked this,66b843860ed94fc398206cfdebde3066
spotify:track:0IfjReTYtafqN3uCfO3Xva,93455c46f7d945a187150fc527630db4,2026-04-26T20:59:08Z,1,,66b843860ed94fc398206cfdebde3066
spotify:track:47llw29VMRqLBcAZt0KmBQ,93455c46f7d945a187150fc527630db4,2026-04-26T20:59:08Z,2,,66b843860ed94fc398206cfdebde3066
spotify:track:2Bz2Q1JNwwPj40T9AvzE7f,93455c46f7d945a187150fc527630db4,2026-04-26T20:59:08Z,1,,66b843860ed94fc398206cfdebde3066
spotify:track:75D3n6wnFQmu1HVmLAlWM4,93455c46f7d945a187150fc527630db4,2026-04-26T20:59:08Z,1,,66b843860ed94fc398206cfdebde3066
spotify:track:1x8tSDNiQQdGSljjcsOOus,93455c46f7d945a187150fc527630db4,2026-04-26T20:59:08Z,2,Feels the most like a national anthem,66b843860ed94fc398206cfdebde3066
spotify:track:76MX4FN4cR1RgYHT6QYuwM,93455c46f7d945a187150fc527630db4,2026-04-26T20:59:08Z,1,,66b843860ed94fc398206cfdebde3066
spotify:track:7uvkMQ0fWddq9QlGkOtcO7,7794745d6a054a86b5f0cf46cd34fb54,2026-04-27T09:42:00Z,1,,66b843860ed94fc398206cfdebde3066
spotify:track:1x8tSDNiQQdGSljjcsOOus,7794745d6a054a86b5f0cf46cd34fb54,2026-04-27T09:42:00Z,2,,66b843860ed94fc398206cfdebde3066
spotify:track:2Bz2Q1JNwwPj40T9AvzE7f,7794745d6a054a86b5f0cf46cd34fb54,2026-04-27T09:42:00Z,1,,66b843860ed94fc398206cfdebde3066
spotify:track:59Id4KrBWiizuq53doxWtp,7794745d6a054a86b5f0cf46cd34fb54,2026-04-27T09:42:00Z,1,,66b843860ed94fc398206cfdebde3066
spotify:track:5V3ZFMfg2X04VZOHZSB0aE,7794745d6a054a86b5f0cf46cd34fb54,2026-04-27T09:42:00Z,1,,66b843860ed94fc398206cfdebde3066
spotify:track:6ewN9MaFbi78oDLT9wYDgn,7794745d6a054a86b5f0cf46cd34fb54,2026-04-27T09:42:00Z,1,,66b843860ed94fc398206cfdebde3066
spotify:track:75D3n6wnFQmu1HVmLAlWM4,7794745d6a054a86b5f0cf46cd34fb54,2026-04-27T09:42:00Z,2,,66b843860ed94fc398206cfdebde3066
spotify:track:76MX4FN4cR1RgYHT6QYuwM,7794745d6a054a86b5f0cf46cd34fb54,2026-04-27T09:42:00Z,1,,66b843860ed94fc398206cfdebde3066
spotify:track:0IfjReTYtafqN3uCfO3Xva,04302c3f51ee440cbf9274f6430702ff,2026-04-27T12:08:47Z,0,I can never take Bragg's voice seriously,66b843860ed94fc398206cfdebde3066
spotify:track:07kdDrDug1s26RkiB06PZJ,04302c3f51ee440cbf9274f6430702ff,2026-04-27T12:08:47Z,0,I was almost swayed by your point about school assemblies. Almost,66b843860ed94fc398206cfdebde3066
spotify:track:1x8tSDNiQQdGSljjcsOOus,04302c3f51ee440cbf9274f6430702ff,2026-04-27T12:08:47Z,1,Gets a point for making me think about how a crowd of pissed-up football fans would deal with this in a stadium,66b843860ed94fc398206cfdebde3066
spotify:track:2Bz2Q1JNwwPj40T9AvzE7f,04302c3f51ee440cbf9274f6430702ff,2026-04-27T12:08:47Z,0,"I had completely forgotten how much I like this song, but I have no idea how it fits the brief",66b843860ed94fc398206cfdebde3066
spotify:track:47llw29VMRqLBcAZt0KmBQ,04302c3f51ee440cbf9274f6430702ff,2026-04-27T12:08:47Z,2,There should be a genre name given to music by guys who basically just shout poetically at you. I liked this.,66b843860ed94fc398206cfdebde3066
spotify:track:4b4QvL2BztFIZm9SGTKoGU,04302c3f51ee440cbf9274f6430702ff,2026-04-27T12:08:47Z,0,I am positive that the Wrong People would take these lyrics way too seriously,66b843860ed94fc398206cfdebde3066
spotify:track:54otluCUt7Pzvi8JC6aJE5,04302c3f51ee440cbf9274f6430702ff,2026-04-27T12:08:47Z,1,Point for cruelly revealing my inherent Anglocentrism,66b843860ed94fc398206cfdebde3066
spotify:track:59Id4KrBWiizuq53doxWtp,04302c3f51ee440cbf9274f6430702ff,2026-04-27T12:08:47Z,2,"One point for this being a banger, one point for your frankly ludicrous amount of thought about it",66b843860ed94fc398206cfdebde3066
spotify:track:5V3ZFMfg2X04VZOHZSB0aE,04302c3f51ee440cbf9274f6430702ff,2026-04-27T12:08:47Z,2,I kind of forgot this was silly and just had a really nice time listening to it,66b843860ed94fc398206cfdebde3066
spotify:track:6BeyGKfd7D5WtrG080d3cA,04302c3f51ee440cbf9274f6430702ff,2026-04-27T12:08:47Z,0,Wanted this to stay as a spooky faraway folk song,66b843860ed94fc398206cfdebde3066
spotify:track:6ewN9MaFbi78oDLT9wYDgn,04302c3f51ee440cbf9274f6430702ff,2026-04-27T12:08:47Z,1,"Sorry but this song is about werewolves coming into your bedroom, not the country?",66b843860ed94fc398206cfdebde3066
spotify:track:76MX4FN4cR1RgYHT6QYuwM,04302c3f51ee440cbf9274f6430702ff,2026-04-27T12:08:47Z,0,Always a shock to remember Chumbawumba did other songs,66b843860ed94fc398206cfdebde3066
spotify:track:7g8cjrj0sXScNE727685JE,04302c3f51ee440cbf9274f6430702ff,2026-04-27T12:08:47Z,1,"I know off the top of my head that this was on Now! That's What I Call Music 47, and I think that's proof if proof be need be that it's in the running",66b843860ed94fc398206cfdebde3066
spotify:track:4b4QvL2BztFIZm9SGTKoGU,6495e706501d405b96d5a435a5903ca7,2026-04-27T14:00:20Z,1,,66b843860ed94fc398206cfdebde3066
spotify:track:59Id4KrBWiizuq53doxWtp,6495e706501d405b96d5a435a5903ca7,2026-04-27T14:00:20Z,2,,66b843860ed94fc398206cfdebde3066
spotify:track:6BeyGKfd7D5WtrG080d3cA,6495e706501d405b96d5a435a5903ca7,2026-04-27T14:00:20Z,1,,66b843860ed94fc398206cfdebde3066
spotify:track:6ewN9MaFbi78oDLT9wYDgn,6495e706501d405b96d5a435a5903ca7,2026-04-27T14:00:20Z,1,You've got red on you,66b843860ed94fc398206cfdebde3066
spotify:track:6YhSGEQqbJ88RtARKhxgAc,6495e706501d405b96d5a435a5903ca7,2026-04-27T14:00:20Z,0,"Apologies for a bit of a downer of an entry. Forgot to submit in a timely manner and panicked. On reflection, being angry at previously living in a small village in a post-industrial region and the political/cultural fallout that grew from closure of several industries doesn't reflect the entire nation. 
 I'm glad the rest of the playlist is a bit cheerier. ",66b843860ed94fc398206cfdebde3066
spotify:track:76MX4FN4cR1RgYHT6QYuwM,6495e706501d405b96d5a435a5903ca7,2026-04-27T14:00:20Z,2,,66b843860ed94fc398206cfdebde3066
spotify:track:7g8cjrj0sXScNE727685JE,6495e706501d405b96d5a435a5903ca7,2026-04-27T14:00:20Z,2,,66b843860ed94fc398206cfdebde3066
spotify:track:7uvkMQ0fWddq9QlGkOtcO7,6495e706501d405b96d5a435a5903ca7,2026-04-27T14:00:20Z,1,,66b843860ed94fc398206cfdebde3066
spotify:track:7g8cjrj0sXScNE727685JE,e4baba279a664e01b42eb740644f095c,2026-04-27T15:47:50Z,1,I grant you. there IS something quite British about a crowd of people shouting 'Də də-də də-dəə!' along to this. ,66b843860ed94fc398206cfdebde3066
spotify:track:07kdDrDug1s26RkiB06PZJ,e4baba279a664e01b42eb740644f095c,2026-04-27T15:47:50Z,1,"I don't know that I have the same affinity for Mr Bowie as you do (or as Powerman 5000 do, for that matter), but I can get behind the intent to celebrate something.",66b843860ed94fc398206cfdebde3066
spotify:track:0IfjReTYtafqN3uCfO3Xva,e4baba279a664e01b42eb740644f095c,2026-04-27T15:47:50Z,0,"I mean ... the title and the chorus have 'England' in it.
I guess you can consider it more representative of the everyday concerns of the populace than what we currently have ...",66b843860ed94fc398206cfdebde3066
spotify:track:1x8tSDNiQQdGSljjcsOOus,e4baba279a664e01b42eb740644f095c,2026-04-27T15:47:50Z,2,"I'll be honest, it's still rather low-energy!
BUT, it's one of the few entries that is at least somewhat celebratory, rather than deeply cynical, so you gotta get something for that. I also like that it's grounded as an ode to _things_ that she loves that the country has produced; and not a whiff of a god or a monarch!",66b843860ed94fc398206cfdebde3066
spotify:track:2Bz2Q1JNwwPj40T9AvzE7f,e4baba279a664e01b42eb740644f095c,2026-04-27T15:47:50Z,0,"I can't rationalise really any part of this as British! And you've got far more confidence in the rhythmic capability of the British people than I do, if you expect them to attempt to sing along to this as a crowd.",66b843860ed94fc398206cfdebde3066
spotify:track:47llw29VMRqLBcAZt0KmBQ,e4baba279a664e01b42eb740644f095c,2026-04-27T15:47:50Z,1,"I can see where you're coming from with this, but it does feel a bit bleak!
I do quite like the imagery of defiance of the past in ""Kicking stones at yesterday's ghosts"", though.",66b843860ed94fc398206cfdebde3066
spotify:track:4b4QvL2BztFIZm9SGTKoGU,e4baba279a664e01b42eb740644f095c,2026-04-27T15:47:50Z,1,Points for positivity.,66b843860ed94fc398206cfdebde3066
spotify:track:54otluCUt7Pzvi8JC6aJE5,e4baba279a664e01b42eb740644f095c,2026-04-27T15:47:50Z,1,"There's something endearing about the 'take me as I am' messaging in this! A shame that the overriding message is that no-one like's 'em though.
What's with the super short Sweet Child o' Mine and Jump! references in the bridge?",66b843860ed94fc398206cfdebde3066
spotify:track:59Id4KrBWiizuq53doxWtp,e4baba279a664e01b42eb740644f095c,2026-04-27T15:47:50Z,0,"Oops. I meant to say ""... but lets not just re-do I Vow to Thee my Country ...""",66b843860ed94fc398206cfdebde3066
spotify:track:5V3ZFMfg2X04VZOHZSB0aE,e4baba279a664e01b42eb740644f095c,2026-04-27T15:47:50Z,0,"Hmm, I could sort of see this, but I'm sorry, it's just too dull. Also, we've done enough to Ireland, there's no need to appropriate their symbol of the harp as well!",66b843860ed94fc398206cfdebde3066
spotify:track:6BeyGKfd7D5WtrG080d3cA,e4baba279a664e01b42eb740644f095c,2026-04-27T15:47:50Z,3,"Yep, embrace the weirdness. This is a good track to get you hyped up for ... I dunno, some olympics or the rugby or something. There's some real scope to add some lyrics to the musical half of this, too.",66b843860ed94fc398206cfdebde3066
spotify:track:6ewN9MaFbi78oDLT9wYDgn,e4baba279a664e01b42eb740644f095c,2026-04-27T15:47:50Z,0,"Kingdom. 
The United Kingdom.
Ol' King Charlie creeping into your bedroom ...",66b843860ed94fc398206cfdebde3066
spotify:track:6YhSGEQqbJ88RtARKhxgAc,e4baba279a664e01b42eb740644f095c,2026-04-27T15:47:50Z,0,"Accurate as it might well be in many villages, it's hardly something we wanna celebrate! ",66b843860ed94fc398206cfdebde3066
spotify:track:75D3n6wnFQmu1HVmLAlWM4,e4baba279a664e01b42eb740644f095c,2026-04-27T15:47:50Z,0,"I feel like there's probably a fairly narrow age-group of people who'd love this idea. I'm from that age group, but I've never really enjoyed this brand of shouty indie-rock.
I feel like we can be a little more aspirational than police brutality, binge drinking and drunken violence.",66b843860ed94fc398206cfdebde3066
spotify:track:76MX4FN4cR1RgYHT6QYuwM,e4baba279a664e01b42eb740644f095c,2026-04-27T15:47:50Z,0,This is the group responsible for tubthumping?! What happened?,66b843860ed94fc398206cfdebde3066
spotify:track:7uvkMQ0fWddq9QlGkOtcO7,e4baba279a664e01b42eb740644f095c,2026-04-27T15:47:50Z,0,"I'm not sure I truly understand what this song is trying to say (despite the title ...). Either way, like our current anthem, this feels like too much of a dirge for a singalong ...",66b843860ed94fc398206cfdebde3066
spotify:track:07kdDrDug1s26RkiB06PZJ,d21152e7d3cd4a69b0951abdfe3e1480,2026-04-27T16:00:20Z,0,"I like the sentiment, but sadly I don't agree that this would be a good national anthem.",66b843860ed94fc398206cfdebde3066
spotify:track:59Id4KrBWiizuq53doxWtp,d21152e7d3cd4a69b0951abdfe3e1480,2026-04-27T16:00:20Z,0,"Once when I was walking home from a choir concert I'd just finished, a car went past me blaring this at top volume and I still talk about this event 10 years later.

Also this reminded me that I've never seen the Planets performed live and apparently it's going to be performed nearby.",66b843860ed94fc398206cfdebde3066
spotify:track:7uvkMQ0fWddq9QlGkOtcO7,d21152e7d3cd4a69b0951abdfe3e1480,2026-04-27T16:00:20Z,0,"Agree with the ethos, wouldn't work at a sporting event.",66b843860ed94fc398206cfdebde3066
spotify:track:7g8cjrj0sXScNE727685JE,d21152e7d3cd4a69b0951abdfe3e1480,2026-04-27T16:00:20Z,5,I hate that I like this idea so much.,66b843860ed94fc398206cfdebde3066
spotify:track:76MX4FN4cR1RgYHT6QYuwM,d21152e7d3cd4a69b0951abdfe3e1480,2026-04-27T16:00:20Z,0,"Someone submitted Jupiter, I could have gotten away with Bellamy after all.",66b843860ed94fc398206cfdebde3066
spotify:track:75D3n6wnFQmu1HVmLAlWM4,d21152e7d3cd4a69b0951abdfe3e1480,2026-04-27T16:00:20Z,0,"To convince people to go to university as part of the Aim Higher initiative, they wrote a parody of this which was ""Too early to retire, I should Aim Higher"". This isn't relevant or useful, but it takes up valuable space in my brain so you can have it too.",66b843860ed94fc398206cfdebde3066
spotify:track:6YhSGEQqbJ88RtARKhxgAc,d21152e7d3cd4a69b0951abdfe3e1480,2026-04-27T16:00:20Z,0,Another banger that I'd love to give points to but can't because of the theme.,66b843860ed94fc398206cfdebde3066
spotify:track:6ewN9MaFbi78oDLT9wYDgn,d21152e7d3cd4a69b0951abdfe3e1480,2026-04-27T16:00:20Z,0,GHOSTS AND GHOULS WITH TEETH COMING INTO YOUR BEDROOM,66b843860ed94fc398206cfdebde3066
spotify:track:6BeyGKfd7D5WtrG080d3cA,d21152e7d3cd4a69b0951abdfe3e1480,2026-04-27T16:00:20Z,0,This is a banger. I wish I could give it points.,66b843860ed94fc398206cfdebde3066
spotify:track:5V3ZFMfg2X04VZOHZSB0aE,d21152e7d3cd4a69b0951abdfe3e1480,2026-04-27T16:00:20Z,0,Wat.,66b843860ed94fc398206cfdebde3066
spotify:track:0IfjReTYtafqN3uCfO3Xva,d21152e7d3cd4a69b0951abdfe3e1480,2026-04-27T16:00:20Z,3,"Oh Billy, I love how bad a singer you are.",66b843860ed94fc398206cfdebde3066
spotify:track:1x8tSDNiQQdGSljjcsOOus,d21152e7d3cd4a69b0951abdfe3e1480,2026-04-27T16:00:20Z,0,"""England needs its own one that isn't a fucking dirge"" -> *submits a Kate Bush dirge*",66b843860ed94fc398206cfdebde3066
spotify:track:2Bz2Q1JNwwPj40T9AvzE7f,d21152e7d3cd4a69b0951abdfe3e1480,2026-04-27T16:00:20Z,0,If someone tried to do this before the Rugby World Cup I'd just laugh at them.,66b843860ed94fc398206cfdebde3066
spotify:track:4b4QvL2BztFIZm9SGTKoGU,d21152e7d3cd4a69b0951abdfe3e1480,2026-04-27T16:00:20Z,2,,66b843860ed94fc398206cfdebde3066
spotify:track:54otluCUt7Pzvi8JC6aJE5,d21152e7d3cd4a69b0951abdfe3e1480,2026-04-27T16:00:20Z,0,This is a bop. A bopgan.,66b843860ed94fc398206cfdebde3066
spotify:track:0uul4WzezEwTELfdrWuh3d,ec6e845efede4f3abfce9ac2b3254ff7,2026-05-01T09:05:19Z,2,That was excellent ,5986ef047b114b14b33a0a7cabc8f3ed
spotify:track:1puEUilaw5RSbi3AYnkF8K,ec6e845efede4f3abfce9ac2b3254ff7,2026-05-01T09:05:19Z,2,"I loved this, right up my street",5986ef047b114b14b33a0a7cabc8f3ed
spotify:track:2KldK81uQyPpbJLwEekaLQ,ec6e845efede4f3abfce9ac2b3254ff7,2026-05-01T09:05:19Z,2,Very on brief for an introduction tune. Banger as well!,5986ef047b114b14b33a0a7cabc8f3ed
spotify:track:2NljpdHCJYniABEwJufNoE,ec6e845efede4f3abfce9ac2b3254ff7,2026-05-01T09:05:19Z,1,This was lovely,5986ef047b114b14b33a0a7cabc8f3ed
spotify:track:48XkVAagIoQHCsOlJtXUd5,ec6e845efede4f3abfce9ac2b3254ff7,2026-05-01T09:05:19Z,1,,5986ef047b114b14b33a0a7cabc8f3ed
spotify:track:58vdp7XF93MfrqqL8y7nwx,ec6e845efede4f3abfce9ac2b3254ff7,2026-05-01T09:05:19Z,1,,5986ef047b114b14b33a0a7cabc8f3ed
spotify:track:5NRtdsFFlmyE8qDMgS08PE,ec6e845efede4f3abfce9ac2b3254ff7,2026-05-01T09:05:19Z,1,I didn’t expect this track to sound like this. Lovely track. My ball knowledge of Paramore is obviously poor.,5986ef047b114b14b33a0a7cabc8f3ed
spotify:track:0uul4WzezEwTELfdrWuh3d,1af891d6b3bf4540a518ddd5b310e3b9,2026-05-01T10:43:50Z,1,Got a real chuckle from me.,5986ef047b114b14b33a0a7cabc8f3ed
spotify:track:2GFQ8U7HTBpb1FzQ2uBZvg,1af891d6b3bf4540a518ddd5b310e3b9,2026-05-01T10:43:50Z,4,I like this a lot.,5986ef047b114b14b33a0a7cabc8f3ed
spotify:track:2NljpdHCJYniABEwJufNoE,1af891d6b3bf4540a518ddd5b310e3b9,2026-05-01T10:43:50Z,1,Mood.,5986ef047b114b14b33a0a7cabc8f3ed
spotify:track:4y1zpAc5o2mgiZ0VUlxdw5,1af891d6b3bf4540a518ddd5b310e3b9,2026-05-01T10:43:50Z,2,Same brother. Same.,5986ef047b114b14b33a0a7cabc8f3ed
spotify:track:6amL7Sov9asiwtCWN3gj8p,1af891d6b3bf4540a518ddd5b310e3b9,2026-05-01T10:43:50Z,1,Listened to a lot of DKM too. ,5986ef047b114b14b33a0a7cabc8f3ed
spotify:track:6dPBm4afuGiAHw8bDJcuyX,1af891d6b3bf4540a518ddd5b310e3b9,2026-05-01T10:43:50Z,1,,5986ef047b114b14b33a0a7cabc8f3ed
spotify:track:0uul4WzezEwTELfdrWuh3d,5d67307c492249f2b00f7b3276919ef5,2026-05-02T03:05:19Z,1,,5986ef047b114b14b33a0a7cabc8f3ed
spotify:track:1puEUilaw5RSbi3AYnkF8K,5d67307c492249f2b00f7b3276919ef5,2026-05-02T03:05:19Z,1,Butter tarts for everyone!,5986ef047b114b14b33a0a7cabc8f3ed
spotify:track:1TBd0DjOYWmytC8UBE1G2f,5d67307c492249f2b00f7b3276919ef5,2026-05-02T03:05:19Z,1,I love me some beep-boop-ass music.,5986ef047b114b14b33a0a7cabc8f3ed
spotify:track:2GFQ8U7HTBpb1FzQ2uBZvg,5d67307c492249f2b00f7b3276919ef5,2026-05-02T03:05:19Z,1,,5986ef047b114b14b33a0a7cabc8f3ed
spotify:track:2KldK81uQyPpbJLwEekaLQ,5d67307c492249f2b00f7b3276919ef5,2026-05-02T03:05:19Z,2,,5986ef047b114b14b33a0a7cabc8f3ed
spotify:track:2NljpdHCJYniABEwJufNoE,5d67307c492249f2b00f7b3276919ef5,2026-05-02T03:05:19Z,1,Computers are full of ghosts and we can't trust them,5986ef047b114b14b33a0a7cabc8f3ed
spotify:track:48XkVAagIoQHCsOlJtXUd5,5d67307c492249f2b00f7b3276919ef5,2026-05-02T03:05:19Z,1,,5986ef047b114b14b33a0a7cabc8f3ed
spotify:track:58vdp7XF93MfrqqL8y7nwx,5d67307c492249f2b00f7b3276919ef5,2026-05-02T03:05:19Z,1,Haha. Makes me wish I had submitted 'Big Dumb Idiot' or 'Business Man'.,5986ef047b114b14b33a0a7cabc8f3ed
spotify:track:5NRtdsFFlmyE8qDMgS08PE,5d67307c492249f2b00f7b3276919ef5,2026-05-02T03:05:19Z,1,,5986ef047b114b14b33a0a7cabc8f3ed
spotify:track:6dPBm4afuGiAHw8bDJcuyX,5d67307c492249f2b00f7b3276919ef5,2026-05-02T03:05:19Z,0,"This song has a pretty simple concept, but I always figured if you're going to do a job you might as well give it your best. But that doesn't mean I'm not looking forward to the weekend.",5986ef047b114b14b33a0a7cabc8f3ed
spotify:track:0uul4WzezEwTELfdrWuh3d,b2fd357c852d458f8ea4fa557c68b37f,2026-05-02T07:32:18Z,2,The slowly fading grandeur in this one is very good.,5986ef047b114b14b33a0a7cabc8f3ed
spotify:track:2aCqeD8sJNjZ28qdhKLRdl,b2fd357c852d458f8ea4fa557c68b37f,2026-05-02T07:32:18Z,2,The lyrics are good enough to carry a very samey structure all the way through. One might call it Poetry.,5986ef047b114b14b33a0a7cabc8f3ed
spotify:track:2KldK81uQyPpbJLwEekaLQ,b2fd357c852d458f8ea4fa557c68b37f,2026-05-02T07:32:18Z,2,,5986ef047b114b14b33a0a7cabc8f3ed
spotify:track:2NljpdHCJYniABEwJufNoE,b2fd357c852d458f8ea4fa557c68b37f,2026-05-02T07:32:18Z,1,Lovely one this.,5986ef047b114b14b33a0a7cabc8f3ed
spotify:track:4f8TLj6gywmjSHSb4ZGcB3,b2fd357c852d458f8ea4fa557c68b37f,2026-05-02T07:32:18Z,1,I am a Long Song Liker but this one could have been trimmed a bit I reckon. Still a good time though. Also went for a similar interpretation of the theme that I did so kudos for that.,5986ef047b114b14b33a0a7cabc8f3ed
spotify:track:58vdp7XF93MfrqqL8y7nwx,b2fd357c852d458f8ea4fa557c68b37f,2026-05-02T07:32:18Z,1,The king of high energy comedy bangers strikes again.,5986ef047b114b14b33a0a7cabc8f3ed
spotify:track:6amL7Sov9asiwtCWN3gj8p,b2fd357c852d458f8ea4fa557c68b37f,2026-05-02T07:32:18Z,1,Another drop of kudos for interpreting the theme similarly to me. Grew on me as it went on too!,5986ef047b114b14b33a0a7cabc8f3ed
spotify:track:0uul4WzezEwTELfdrWuh3d,026acc5a18a94f2bb1097778a32a4dae,2026-05-02T11:48:00Z,1,Strong first song on the playlist. ,5986ef047b114b14b33a0a7cabc8f3ed
spotify:track:2GFQ8U7HTBpb1FzQ2uBZvg,026acc5a18a94f2bb1097778a32a4dae,2026-05-02T11:48:00Z,5,I'm struggling to work out who this might be. ,5986ef047b114b14b33a0a7cabc8f3ed
spotify:track:2KldK81uQyPpbJLwEekaLQ,026acc5a18a94f2bb1097778a32a4dae,2026-05-02T11:48:00Z,0,"Actually doesn't relate to me that much.

Consider yourself bamboozled. ",5986ef047b114b14b33a0a7cabc8f3ed
spotify:track:48XkVAagIoQHCsOlJtXUd5,026acc5a18a94f2bb1097778a32a4dae,2026-05-02T11:48:00Z,1,Good bop this. ,5986ef047b114b14b33a0a7cabc8f3ed
spotify:track:58vdp7XF93MfrqqL8y7nwx,026acc5a18a94f2bb1097778a32a4dae,2026-05-02T11:48:00Z,2,Tom Card is getting points. ,5986ef047b114b14b33a0a7cabc8f3ed
spotify:track:6dPBm4afuGiAHw8bDJcuyX,026acc5a18a94f2bb1097778a32a4dae,2026-05-02T11:48:00Z,1,,5986ef047b114b14b33a0a7cabc8f3ed
spotify:track:0uul4WzezEwTELfdrWuh3d,c9020fb4892a4c77aaeded2efd21f9b4,2026-05-03T02:32:33Z,0,"Is this about that bloke from that ""Trim Tab"" book Joe found?",5986ef047b114b14b33a0a7cabc8f3ed
spotify:track:1puEUilaw5RSbi3AYnkF8K,c9020fb4892a4c77aaeded2efd21f9b4,2026-05-03T02:32:33Z,2,Very nearly my pick. Nice choice.,5986ef047b114b14b33a0a7cabc8f3ed
spotify:track:2GFQ8U7HTBpb1FzQ2uBZvg,c9020fb4892a4c77aaeded2efd21f9b4,2026-05-03T02:32:33Z,1,"Sorry, I didn't catch your name, could you repeat that?",5986ef047b114b14b33a0a7cabc8f3ed
spotify:track:2KldK81uQyPpbJLwEekaLQ,c9020fb4892a4c77aaeded2efd21f9b4,2026-05-03T02:32:33Z,1,Had me down to rights all the way up to Grey's Anatomy!,5986ef047b114b14b33a0a7cabc8f3ed
spotify:track:2NljpdHCJYniABEwJufNoE,c9020fb4892a4c77aaeded2efd21f9b4,2026-05-03T02:32:33Z,3,That's really touching. Very nice pick.,5986ef047b114b14b33a0a7cabc8f3ed
spotify:track:48XkVAagIoQHCsOlJtXUd5,c9020fb4892a4c77aaeded2efd21f9b4,2026-05-03T02:32:33Z,1,Great message. Love the lyrics.,5986ef047b114b14b33a0a7cabc8f3ed
spotify:track:4f8TLj6gywmjSHSb4ZGcB3,c9020fb4892a4c77aaeded2efd21f9b4,2026-05-03T02:32:33Z,1,Quite the epic!,5986ef047b114b14b33a0a7cabc8f3ed
spotify:track:4y1zpAc5o2mgiZ0VUlxdw5,c9020fb4892a4c77aaeded2efd21f9b4,2026-05-03T02:32:33Z,1,"Sounds like the Sonic Adventure 2 soundtrack!*

*positive",5986ef047b114b14b33a0a7cabc8f3ed
spotify:track:1TBd0DjOYWmytC8UBE1G2f,f1c713e8e22f4674a449cc92e27d3930,2026-05-03T20:17:34Z,0,The middle bit is good!,5986ef047b114b14b33a0a7cabc8f3ed
spotify:track:48XkVAagIoQHCsOlJtXUd5,f1c713e8e22f4674a449cc92e27d3930,2026-05-03T20:17:34Z,1,"Song on my own playlist, gets a point.",5986ef047b114b14b33a0a7cabc8f3ed
spotify:track:4y1zpAc5o2mgiZ0VUlxdw5,f1c713e8e22f4674a449cc92e27d3930,2026-05-03T20:17:34Z,1,"I see you sneaking in more Sonic, you hallion",5986ef047b114b14b33a0a7cabc8f3ed
spotify:track:58vdp7XF93MfrqqL8y7nwx,f1c713e8e22f4674a449cc92e27d3930,2026-05-03T20:17:34Z,2,Wait you mean I'm my own worst enemy?!,5986ef047b114b14b33a0a7cabc8f3ed
spotify:track:5NRtdsFFlmyE8qDMgS08PE,f1c713e8e22f4674a449cc92e27d3930,2026-05-03T20:17:34Z,2,,5986ef047b114b14b33a0a7cabc8f3ed
spotify:track:5S8h7rP7gCNf7Uwrw0J49l,f1c713e8e22f4674a449cc92e27d3930,2026-05-03T20:17:34Z,1,;,5986ef047b114b14b33a0a7cabc8f3ed
spotify:track:6dPBm4afuGiAHw8bDJcuyX,f1c713e8e22f4674a449cc92e27d3930,2026-05-03T20:17:34Z,3,Never heard of these lads before. Banger.,5986ef047b114b14b33a0a7cabc8f3ed
spotify:track:0uul4WzezEwTELfdrWuh3d,04302c3f51ee440cbf9274f6430702ff,2026-05-04T07:25:30Z,5,"I absolutely love this song, so you must be great ",5986ef047b114b14b33a0a7cabc8f3ed
spotify:track:1puEUilaw5RSbi3AYnkF8K,04302c3f51ee440cbf9274f6430702ff,2026-05-04T07:25:30Z,1,,5986ef047b114b14b33a0a7cabc8f3ed
spotify:track:1TBd0DjOYWmytC8UBE1G2f,04302c3f51ee440cbf9274f6430702ff,2026-05-04T07:25:30Z,1,Every part of me told me I should think this is stupid but... I like it,5986ef047b114b14b33a0a7cabc8f3ed
spotify:track:2NljpdHCJYniABEwJufNoE,04302c3f51ee440cbf9274f6430702ff,2026-05-04T07:25:30Z,1,"I would have guessed that this came out in 2007, and I mean that as a compliment ",5986ef047b114b14b33a0a7cabc8f3ed
spotify:track:4f8TLj6gywmjSHSb4ZGcB3,04302c3f51ee440cbf9274f6430702ff,2026-05-04T07:25:30Z,0,"I love the vibe of this explanation, but I'm choosing to believe it's all happening to a different song",5986ef047b114b14b33a0a7cabc8f3ed
spotify:track:4y1zpAc5o2mgiZ0VUlxdw5,04302c3f51ee440cbf9274f6430702ff,2026-05-04T07:25:30Z,0,Stop trying to sneak Sonic music in here,5986ef047b114b14b33a0a7cabc8f3ed
spotify:track:58vdp7XF93MfrqqL8y7nwx,04302c3f51ee440cbf9274f6430702ff,2026-05-04T07:25:30Z,0,I'm sorry to say that I'm allergic to this guy's Instagram reels,5986ef047b114b14b33a0a7cabc8f3ed
spotify:track:5S8h7rP7gCNf7Uwrw0J49l,04302c3f51ee440cbf9274f6430702ff,2026-05-04T07:25:30Z,2,"You've made me remember that Dark Dark Dark exist, congratulations xx",5986ef047b114b14b33a0a7cabc8f3ed
spotify:track:0uul4WzezEwTELfdrWuh3d,b49a4cb5ad234418b3ff4bdfd2ab321f,2026-05-04T08:10:38Z,1,I really need to finally buy this album.,5986ef047b114b14b33a0a7cabc8f3ed
spotify:track:1puEUilaw5RSbi3AYnkF8K,b49a4cb5ad234418b3ff4bdfd2ab321f,2026-05-04T08:10:38Z,1,"This song gets mocked a lot, but it's just a great summertime banger.",5986ef047b114b14b33a0a7cabc8f3ed
spotify:track:1TBd0DjOYWmytC8UBE1G2f,b49a4cb5ad234418b3ff4bdfd2ab321f,2026-05-04T08:10:38Z,0,I'm glad YOU like it. I liked bits of it.,5986ef047b114b14b33a0a7cabc8f3ed
spotify:track:2aCqeD8sJNjZ28qdhKLRdl,b49a4cb5ad234418b3ff4bdfd2ab321f,2026-05-04T08:10:38Z,0,I think you're trying to tell us something with this and I can't quite put my finger on it. 🤔 ,5986ef047b114b14b33a0a7cabc8f3ed
spotify:track:2GFQ8U7HTBpb1FzQ2uBZvg,b49a4cb5ad234418b3ff4bdfd2ab321f,2026-05-04T08:10:38Z,1,Always a point for DnB.,5986ef047b114b14b33a0a7cabc8f3ed
spotify:track:2KldK81uQyPpbJLwEekaLQ,b49a4cb5ad234418b3ff4bdfd2ab321f,2026-05-04T08:10:38Z,1,Point for relatable honesty.,5986ef047b114b14b33a0a7cabc8f3ed
spotify:track:2NljpdHCJYniABEwJufNoE,b49a4cb5ad234418b3ff4bdfd2ab321f,2026-05-04T08:10:38Z,1,Point for finding an on-point song title.,5986ef047b114b14b33a0a7cabc8f3ed
spotify:track:48XkVAagIoQHCsOlJtXUd5,b49a4cb5ad234418b3ff4bdfd2ab321f,2026-05-04T08:10:38Z,1,"Never heard of them before, but a point for a banger.",5986ef047b114b14b33a0a7cabc8f3ed
spotify:track:4f8TLj6gywmjSHSb4ZGcB3,b49a4cb5ad234418b3ff4bdfd2ab321f,2026-05-04T08:10:38Z,1,"I know this is one of you two Bee Boy Bad Bois and you picked an epic to push the playlist over an hour, just so Joe could angrily shake a fist at you like a 90s cartoon villain.",5986ef047b114b14b33a0a7cabc8f3ed
spotify:track:4y1zpAc5o2mgiZ0VUlxdw5,b49a4cb5ad234418b3ff4bdfd2ab321f,2026-05-04T08:10:38Z,0,"Pretty good for Crush 40, it's just been an incredibly strong playlist this round.",5986ef047b114b14b33a0a7cabc8f3ed
spotify:track:58vdp7XF93MfrqqL8y7nwx,b49a4cb5ad234418b3ff4bdfd2ab321f,2026-05-04T08:10:38Z,1,"Oh no, he's singing about me too. I wish it included the drugs. Where do you even buy drugs. Everyone else seems to have a drugs man. I don't know any drugs men. How do you even find drugs men.",5986ef047b114b14b33a0a7cabc8f3ed
spotify:track:5NRtdsFFlmyE8qDMgS08PE,b49a4cb5ad234418b3ff4bdfd2ab321f,2026-05-04T08:10:38Z,1,"Me too, so I've gone to get diagnosed for ADHD.",5986ef047b114b14b33a0a7cabc8f3ed
spotify:track:6amL7Sov9asiwtCWN3gj8p,b49a4cb5ad234418b3ff4bdfd2ab321f,2026-05-04T08:10:38Z,1,"I also had a friend who made Dropkick Murphys their personality at high school. Since then he's been married, had two kids, about to be married for a second time and works as a nurse. You just never know.",5986ef047b114b14b33a0a7cabc8f3ed
spotify:track:0uul4WzezEwTELfdrWuh3d,555c7be4f519498e97a6bf62888fb0df,2026-05-04T08:38:16Z,1,,5986ef047b114b14b33a0a7cabc8f3ed
spotify:track:2aCqeD8sJNjZ28qdhKLRdl,555c7be4f519498e97a6bf62888fb0df,2026-05-04T08:38:16Z,1,,5986ef047b114b14b33a0a7cabc8f3ed
spotify:track:2GFQ8U7HTBpb1FzQ2uBZvg,555c7be4f519498e97a6bf62888fb0df,2026-05-04T08:38:16Z,2,,5986ef047b114b14b33a0a7cabc8f3ed
spotify:track:2KldK81uQyPpbJLwEekaLQ,555c7be4f519498e97a6bf62888fb0df,2026-05-04T08:38:16Z,3,FIVE SLICES CHEESE ON FIVE SLICES O’ BREAD,5986ef047b114b14b33a0a7cabc8f3ed
spotify:track:4f8TLj6gywmjSHSb4ZGcB3,555c7be4f519498e97a6bf62888fb0df,2026-05-04T08:38:16Z,2,,5986ef047b114b14b33a0a7cabc8f3ed
spotify:track:6amL7Sov9asiwtCWN3gj8p,555c7be4f519498e97a6bf62888fb0df,2026-05-04T08:38:16Z,1,,5986ef047b114b14b33a0a7cabc8f3ed
spotify:track:2GFQ8U7HTBpb1FzQ2uBZvg,d21152e7d3cd4a69b0951abdfe3e1480,2026-05-04T20:24:24Z,0,"I'm glad Ben is enjoying the drum and bass, because I am not.",5986ef047b114b14b33a0a7cabc8f3ed
spotify:track:2KldK81uQyPpbJLwEekaLQ,d21152e7d3cd4a69b0951abdfe3e1480,2026-05-04T20:24:24Z,3,"You know what, I hated this but you can have points for approaching this differently",5986ef047b114b14b33a0a7cabc8f3ed
spotify:track:2NljpdHCJYniABEwJufNoE,d21152e7d3cd4a69b0951abdfe3e1480,2026-05-04T20:24:24Z,1,"I let this song wash over me and I loved the experience, have a point.",5986ef047b114b14b33a0a7cabc8f3ed
spotify:track:48XkVAagIoQHCsOlJtXUd5,d21152e7d3cd4a69b0951abdfe3e1480,2026-05-04T20:24:24Z,1,,5986ef047b114b14b33a0a7cabc8f3ed
spotify:track:4f8TLj6gywmjSHSb4ZGcB3,d21152e7d3cd4a69b0951abdfe3e1480,2026-05-04T20:24:24Z,0,"This is a bold submission on a playlist, where you've not had the previous 37 minutes of this album and the hour of the other album to set up all of the characters and to make this hit properly.

However: *stank face*",5986ef047b114b14b33a0a7cabc8f3ed
spotify:track:4y1zpAc5o2mgiZ0VUlxdw5,d21152e7d3cd4a69b0951abdfe3e1480,2026-05-04T20:24:24Z,1,"This feels like something that would be on 50 BEST ROAD TRIP ANTHEMS or something like that.

This is not a criticism.",5986ef047b114b14b33a0a7cabc8f3ed
spotify:track:58vdp7XF93MfrqqL8y7nwx,d21152e7d3cd4a69b0951abdfe3e1480,2026-05-04T20:24:24Z,1,Good ol' Cardy.,5986ef047b114b14b33a0a7cabc8f3ed
spotify:track:5NRtdsFFlmyE8qDMgS08PE,d21152e7d3cd4a69b0951abdfe3e1480,2026-05-04T20:24:24Z,1,,5986ef047b114b14b33a0a7cabc8f3ed
spotify:track:5S8h7rP7gCNf7Uwrw0J49l,d21152e7d3cd4a69b0951abdfe3e1480,2026-05-04T20:24:24Z,1,"I kind of got lost and thought I was in hell here, which is also not a criticism.",5986ef047b114b14b33a0a7cabc8f3ed
spotify:track:6amL7Sov9asiwtCWN3gj8p,d21152e7d3cd4a69b0951abdfe3e1480,2026-05-04T20:24:24Z,0,"God this album is good. I nearly submitted something from Blackout which as good, or better.",5986ef047b114b14b33a0a7cabc8f3ed
spotify:track:0uul4WzezEwTELfdrWuh3d,d21152e7d3cd4a69b0951abdfe3e1480,2026-05-04T20:24:24Z,1,"Bonus third option, play it at your funeral, you can pop out of the coffin and give someone a hurricanrana in the middle of their eulogy",5986ef047b114b14b33a0a7cabc8f3ed
spotify:track:1puEUilaw5RSbi3AYnkF8K,d21152e7d3cd4a69b0951abdfe3e1480,2026-05-04T20:24:24Z,0,I feel like the 90's just knocked on my door and booted me in the face by reminding me about this song.,5986ef047b114b14b33a0a7cabc8f3ed
spotify:track:1TBd0DjOYWmytC8UBE1G2f,d21152e7d3cd4a69b0951abdfe3e1480,2026-05-04T20:24:24Z,0,The syncopated riff feels like it's attacking me in a way that I was not expecting,5986ef047b114b14b33a0a7cabc8f3ed
spotify:track:2aCqeD8sJNjZ28qdhKLRdl,d21152e7d3cd4a69b0951abdfe3e1480,2026-05-04T20:24:24Z,0,"For some reason, this brand of folk-esque pop always gets my hackles up",5986ef047b114b14b33a0a7cabc8f3ed
spotify:track:0uul4WzezEwTELfdrWuh3d,93455c46f7d945a187150fc527630db4,2026-05-05T04:24:57Z,1,,5986ef047b114b14b33a0a7cabc8f3ed
spotify:track:2KldK81uQyPpbJLwEekaLQ,93455c46f7d945a187150fc527630db4,2026-05-05T04:24:57Z,2,,5986ef047b114b14b33a0a7cabc8f3ed
spotify:track:2NljpdHCJYniABEwJufNoE,93455c46f7d945a187150fc527630db4,2026-05-05T04:24:57Z,2,,5986ef047b114b14b33a0a7cabc8f3ed
spotify:track:4f8TLj6gywmjSHSb4ZGcB3,93455c46f7d945a187150fc527630db4,2026-05-05T04:24:57Z,1,,5986ef047b114b14b33a0a7cabc8f3ed
spotify:track:58vdp7XF93MfrqqL8y7nwx,93455c46f7d945a187150fc527630db4,2026-05-05T04:24:57Z,1,,5986ef047b114b14b33a0a7cabc8f3ed
spotify:track:6amL7Sov9asiwtCWN3gj8p,93455c46f7d945a187150fc527630db4,2026-05-05T04:24:57Z,1,,5986ef047b114b14b33a0a7cabc8f3ed
spotify:track:6dPBm4afuGiAHw8bDJcuyX,93455c46f7d945a187150fc527630db4,2026-05-05T04:24:57Z,2,,5986ef047b114b14b33a0a7cabc8f3ed
spotify:track:0uul4WzezEwTELfdrWuh3d,6495e706501d405b96d5a435a5903ca7,2026-05-05T06:03:59Z,1,"Was waiting for the payoff to find out what GMF stood for, was not not disappointed.",5986ef047b114b14b33a0a7cabc8f3ed
spotify:track:1TBd0DjOYWmytC8UBE1G2f,6495e706501d405b96d5a435a5903ca7,2026-05-05T06:03:59Z,0,Sorry I couldn't quote get on board. I'm also concerned where these toes be hiding.,5986ef047b114b14b33a0a7cabc8f3ed
spotify:track:2GFQ8U7HTBpb1FzQ2uBZvg,6495e706501d405b96d5a435a5903ca7,2026-05-05T06:03:59Z,0,"Sorry, just didn't have any points left. ",5986ef047b114b14b33a0a7cabc8f3ed
spotify:track:2KldK81uQyPpbJLwEekaLQ,6495e706501d405b96d5a435a5903ca7,2026-05-05T06:03:59Z,2,I feel we have learnt a lot about you,5986ef047b114b14b33a0a7cabc8f3ed
spotify:track:2NljpdHCJYniABEwJufNoE,6495e706501d405b96d5a435a5903ca7,2026-05-05T06:03:59Z,2,"I did need to google linear layout, hopefully those pesky computers get a bit easier to deal with",5986ef047b114b14b33a0a7cabc8f3ed
spotify:track:48XkVAagIoQHCsOlJtXUd5,6495e706501d405b96d5a435a5903ca7,2026-05-05T06:03:59Z,1,Resonate with your description. We all need a song to give us a kick 🐝🖤,5986ef047b114b14b33a0a7cabc8f3ed
spotify:track:4f8TLj6gywmjSHSb4ZGcB3,6495e706501d405b96d5a435a5903ca7,2026-05-05T06:03:59Z,1,"Enjoyed this. But on first reading the band title ""Unleash The Archers"", my mind immediately went to the Radio 4 family that have been locked up in someone's basement and that they had gone rabid. Then I remembered archery exists.",5986ef047b114b14b33a0a7cabc8f3ed
spotify:track:58vdp7XF93MfrqqL8y7nwx,6495e706501d405b96d5a435a5903ca7,2026-05-05T06:03:59Z,1,"The truth hurts
Aha, I considered a Tom Cardy submission (Hey I Don't Work Here)",5986ef047b114b14b33a0a7cabc8f3ed
spotify:track:5NRtdsFFlmyE8qDMgS08PE,6495e706501d405b96d5a435a5903ca7,2026-05-05T06:03:59Z,0,"True to form, listening to the playlist to vote with <2hours until voting closes.",5986ef047b114b14b33a0a7cabc8f3ed
spotify:track:5S8h7rP7gCNf7Uwrw0J49l,6495e706501d405b96d5a435a5903ca7,2026-05-05T06:03:59Z,1,"I know it's a bit of a tonal shift from the rest of the playlist, but I enjoyed this. Hope you're ok!🐝🖤",5986ef047b114b14b33a0a7cabc8f3ed
spotify:track:6amL7Sov9asiwtCWN3gj8p,6495e706501d405b96d5a435a5903ca7,2026-05-05T06:03:59Z,0,"Sorry, lost out as had no points left to distribute. I liked the message in the song though.",5986ef047b114b14b33a0a7cabc8f3ed
spotify:track:6dPBm4afuGiAHw8bDJcuyX,6495e706501d405b96d5a435a5903ca7,2026-05-05T06:03:59Z,1,"I too, can not wait to kick off my work shoes. Currently on annual leave this week so very much relating to this. Enjoyed the song.",5986ef047b114b14b33a0a7cabc8f3ed
spotify:track:0uul4WzezEwTELfdrWuh3d,e4baba279a664e01b42eb740644f095c,2026-05-05T06:22:55Z,1,"Note sure it's got enough punch for a wrestling walk on. This grew on me the more I listened, though! ",5986ef047b114b14b33a0a7cabc8f3ed
spotify:track:2aCqeD8sJNjZ28qdhKLRdl,e4baba279a664e01b42eb740644f095c,2026-05-05T06:22:55Z,0,"Sorry, but this song is almost exclusively the repetition of a single short musical phrase and it just got really grating. ",5986ef047b114b14b33a0a7cabc8f3ed
spotify:track:2GFQ8U7HTBpb1FzQ2uBZvg,e4baba279a664e01b42eb740644f095c,2026-05-05T06:22:55Z,1,"Well done for pulling off what I failed! Turns out there's a good number of songs with 'Cain' in the title, but I don't like most of them. 
Also, this is another one with a great tempo for running. ",5986ef047b114b14b33a0a7cabc8f3ed
spotify:track:2NljpdHCJYniABEwJufNoE,e4baba279a664e01b42eb740644f095c,2026-05-05T06:22:55Z,1,Fits the brief and a proper little earworm. ,5986ef047b114b14b33a0a7cabc8f3ed
spotify:track:48XkVAagIoQHCsOlJtXUd5,e4baba279a664e01b42eb740644f095c,2026-05-05T06:22:55Z,1,I love the sentiment and the thought put in. The song itself is fine; but generic pop for my tastes,5986ef047b114b14b33a0a7cabc8f3ed
spotify:track:4f8TLj6gywmjSHSb4ZGcB3,e4baba279a664e01b42eb740644f095c,2026-05-05T06:22:55Z,3,Top tier. The more listen to Unleash the Archers the more I wonder why I haven't sought them out more,5986ef047b114b14b33a0a7cabc8f3ed
spotify:track:58vdp7XF93MfrqqL8y7nwx,e4baba279a664e01b42eb740644f095c,2026-05-05T06:22:55Z,1,"Short, to the point, self-aware",5986ef047b114b14b33a0a7cabc8f3ed
spotify:track:5S8h7rP7gCNf7Uwrw0J49l,e4baba279a664e01b42eb740644f095c,2026-05-05T06:22:55Z,1,I can empathise. Point for sincerity. ,5986ef047b114b14b33a0a7cabc8f3ed
spotify:track:6amL7Sov9asiwtCWN3gj8p,e4baba279a664e01b42eb740644f095c,2026-05-05T06:22:55Z,0,"Torn on this one. One the one hand, I'm not a fan of punk, on the other I love a bit of folk flair to almost anything! ",5986ef047b114b14b33a0a7cabc8f3ed
spotify:track:6dPBm4afuGiAHw8bDJcuyX,e4baba279a664e01b42eb740644f095c,2026-05-05T06:22:55Z,1,,5986ef047b114b14b33a0a7cabc8f3ed
spotify:track:3dBwxkzn7g0EB2bygXjwwI,1af891d6b3bf4540a518ddd5b310e3b9,2026-05-08T08:32:55Z,1,,8c562d4609184929917b988c8a94277c
spotify:track:5CkTDPtqkCO49qThnNZzVm,1af891d6b3bf4540a518ddd5b310e3b9,2026-05-08T08:32:55Z,2,Immaculate vibes. ,8c562d4609184929917b988c8a94277c
spotify:track:5dICfr4vxAuk6yqtvIL2Ip,1af891d6b3bf4540a518ddd5b310e3b9,2026-05-08T08:32:55Z,3,This is my pick in a different genre. Love it. ,8c562d4609184929917b988c8a94277c
spotify:track:5NUWOrjG5EUhxoqv4ACguG,1af891d6b3bf4540a518ddd5b310e3b9,2026-05-08T08:32:55Z,0,From the title I thought it would be relatable but it was not. Ethan Edenburg could learn to pay their taxes and use drills on YouTube.,8c562d4609184929917b988c8a94277c
spotify:track:65mz587jxcFYgqvesekK8I,1af891d6b3bf4540a518ddd5b310e3b9,2026-05-08T08:32:55Z,0,Thinking about a monkey singing this. If I had more points RW would get a point here.,8c562d4609184929917b988c8a94277c
spotify:track:6Hup3V9iFphKINc0bPw5W9,1af891d6b3bf4540a518ddd5b310e3b9,2026-05-08T08:32:55Z,1,This is a P. Rose pick isn't it? A touch too bleak for me right now but it's very good.,8c562d4609184929917b988c8a94277c
spotify:track:6ORqU0bHbVCRjXm9AjyHyZ,1af891d6b3bf4540a518ddd5b310e3b9,2026-05-08T08:32:55Z,2,"Route One pickers unite. 

Been on a little Green Day kick atm and it's summoning a lot of memories from the decades past.",8c562d4609184929917b988c8a94277c
spotify:track:7rFN0DhIFPjAWG1EaHO2F0,1af891d6b3bf4540a518ddd5b310e3b9,2026-05-08T08:32:55Z,0,"Null points for DB feels harsh, I am sorry.",8c562d4609184929917b988c8a94277c
spotify:track:1HM7Vp84E4SMzdrZONg6bH,1af891d6b3bf4540a518ddd5b310e3b9,2026-05-08T08:32:55Z,0,Glad a couple of other picks went in this direction.,8c562d4609184929917b988c8a94277c
spotify:track:7zLGHdfJ3JRPxvc96mEPEi,1af891d6b3bf4540a518ddd5b310e3b9,2026-05-08T08:32:55Z,1,The Luck Star Out of Touch Thursday song!,8c562d4609184929917b988c8a94277c
spotify:track:1HM7Vp84E4SMzdrZONg6bH,555c7be4f519498e97a6bf62888fb0df,2026-05-08T08:55:11Z,2,"Fuck yeah, love the positivity and the desire to live as well as possible ",8c562d4609184929917b988c8a94277c
spotify:track:3qpFX3sEc1lnYAfjcgxAxA,555c7be4f519498e97a6bf62888fb0df,2026-05-08T08:55:11Z,1,This was lovely ,8c562d4609184929917b988c8a94277c
spotify:track:5CkTDPtqkCO49qThnNZzVm,555c7be4f519498e97a6bf62888fb0df,2026-05-08T08:55:11Z,2,"This fucking got me. I’m going to have some beers with friends in a park next week, might even bring a frisbee.",8c562d4609184929917b988c8a94277c
spotify:track:5dICfr4vxAuk6yqtvIL2Ip,555c7be4f519498e97a6bf62888fb0df,2026-05-08T08:55:11Z,1,I love Chali 2na - he knows something you don’t know…,8c562d4609184929917b988c8a94277c
spotify:track:5NUWOrjG5EUhxoqv4ACguG,555c7be4f519498e97a6bf62888fb0df,2026-05-08T08:55:11Z,2,As someone who learned to drill a rawl plug into a wall after the age of 30 this hit hard and I’ll be listening to these a lot more ,8c562d4609184929917b988c8a94277c
spotify:track:65mz587jxcFYgqvesekK8I,555c7be4f519498e97a6bf62888fb0df,2026-05-08T08:55:11Z,0,DRUGS! (Booooo) ALCOHOL! (YEEEEEAH!) DRUGS! (Booooo) ALCOHOL! (Yeeeeeah!),8c562d4609184929917b988c8a94277c
spotify:track:6Hup3V9iFphKINc0bPw5W9,555c7be4f519498e97a6bf62888fb0df,2026-05-08T08:55:11Z,1,,8c562d4609184929917b988c8a94277c
spotify:track:7rFN0DhIFPjAWG1EaHO2F0,555c7be4f519498e97a6bf62888fb0df,2026-05-08T08:55:11Z,0,Haha legend ,8c562d4609184929917b988c8a94277c
spotify:track:7zLGHdfJ3JRPxvc96mEPEi,555c7be4f519498e97a6bf62888fb0df,2026-05-08T08:55:11Z,1,Could only think of Vice City,8c562d4609184929917b988c8a94277c
spotify:track:1HM7Vp84E4SMzdrZONg6bH,ec6e845efede4f3abfce9ac2b3254ff7,2026-05-08T11:54:25Z,1,,8c562d4609184929917b988c8a94277c
spotify:track:3qpFX3sEc1lnYAfjcgxAxA,ec6e845efede4f3abfce9ac2b3254ff7,2026-05-08T11:54:25Z,1,,8c562d4609184929917b988c8a94277c
spotify:track:5ihS6UUlyQAfmp48eSkxuQ,ec6e845efede4f3abfce9ac2b3254ff7,2026-05-08T11:54:25Z,1,,8c562d4609184929917b988c8a94277c
spotify:track:5NUWOrjG5EUhxoqv4ACguG,ec6e845efede4f3abfce9ac2b3254ff7,2026-05-08T11:54:25Z,1,,8c562d4609184929917b988c8a94277c
spotify:track:65mz587jxcFYgqvesekK8I,ec6e845efede4f3abfce9ac2b3254ff7,2026-05-08T11:54:25Z,1,,8c562d4609184929917b988c8a94277c
spotify:track:6Hup3V9iFphKINc0bPw5W9,ec6e845efede4f3abfce9ac2b3254ff7,2026-05-08T11:54:25Z,1,,8c562d4609184929917b988c8a94277c
spotify:track:6ORqU0bHbVCRjXm9AjyHyZ,ec6e845efede4f3abfce9ac2b3254ff7,2026-05-08T11:54:25Z,2,"Cracking choice, what a tune",8c562d4609184929917b988c8a94277c
spotify:track:7rFN0DhIFPjAWG1EaHO2F0,ec6e845efede4f3abfce9ac2b3254ff7,2026-05-08T11:54:25Z,2,,8c562d4609184929917b988c8a94277c
spotify:track:1HM7Vp84E4SMzdrZONg6bH,026acc5a18a94f2bb1097778a32a4dae,2026-05-08T16:55:24Z,1,,8c562d4609184929917b988c8a94277c
spotify:track:5ihS6UUlyQAfmp48eSkxuQ,026acc5a18a94f2bb1097778a32a4dae,2026-05-08T16:55:24Z,2,,8c562d4609184929917b988c8a94277c
spotify:track:65mz587jxcFYgqvesekK8I,026acc5a18a94f2bb1097778a32a4dae,2026-05-08T16:55:24Z,1,How long do chimps live anyway?,8c562d4609184929917b988c8a94277c
spotify:track:6ORqU0bHbVCRjXm9AjyHyZ,026acc5a18a94f2bb1097778a32a4dae,2026-05-08T16:55:24Z,2,,8c562d4609184929917b988c8a94277c
spotify:track:7rFN0DhIFPjAWG1EaHO2F0,026acc5a18a94f2bb1097778a32a4dae,2026-05-08T16:55:24Z,4,,8c562d4609184929917b988c8a94277c
spotify:track:7zLGHdfJ3JRPxvc96mEPEi,f1c713e8e22f4674a449cc92e27d3930,2026-05-08T18:29:19Z,1,"Good track, pertinent Simpsons line, gets a point in my book.",8c562d4609184929917b988c8a94277c
spotify:track:1HM7Vp84E4SMzdrZONg6bH,f1c713e8e22f4674a449cc92e27d3930,2026-05-08T18:29:19Z,2,I wish I'd thought of this. Should get more points but this is an incredible round.,8c562d4609184929917b988c8a94277c
spotify:track:3dBwxkzn7g0EB2bygXjwwI,f1c713e8e22f4674a449cc92e27d3930,2026-05-08T18:29:19Z,1,𝒕𝒉𝒆 𝒕𝒓𝒖𝒎𝒑𝒆𝒕!,8c562d4609184929917b988c8a94277c
spotify:track:3qpFX3sEc1lnYAfjcgxAxA,f1c713e8e22f4674a449cc92e27d3930,2026-05-08T18:29:19Z,1,Yeah..,8c562d4609184929917b988c8a94277c
spotify:track:5dICfr4vxAuk6yqtvIL2Ip,f1c713e8e22f4674a449cc92e27d3930,2026-05-08T18:29:19Z,1,Strongest opening line in the list,8c562d4609184929917b988c8a94277c
spotify:track:5NUWOrjG5EUhxoqv4ACguG,f1c713e8e22f4674a449cc92e27d3930,2026-05-08T18:29:19Z,1,At 33 my folks had three kids. At 33 I had a cat and a string of increasingly failed relationships. The cat's dead now too. Good track,8c562d4609184929917b988c8a94277c
spotify:track:65mz587jxcFYgqvesekK8I,f1c713e8e22f4674a449cc92e27d3930,2026-05-08T18:29:19Z,1,Wonderful.,8c562d4609184929917b988c8a94277c
spotify:track:6Hup3V9iFphKINc0bPw5W9,f1c713e8e22f4674a449cc92e27d3930,2026-05-08T18:29:19Z,0,I liked this but skipped it after three minutes. I've no doubt it'll come back to me!,8c562d4609184929917b988c8a94277c
spotify:track:6v90ogq4aY6xoM4pY8nwzw,f1c713e8e22f4674a449cc92e27d3930,2026-05-08T18:29:19Z,1,"2000? Determined or not, that Disco must be long dead by now.",8c562d4609184929917b988c8a94277c
spotify:track:7rFN0DhIFPjAWG1EaHO2F0,f1c713e8e22f4674a449cc92e27d3930,2026-05-08T18:29:19Z,1,Method til the end,8c562d4609184929917b988c8a94277c
spotify:track:1M1wqGG7FYPlHVFWOZloJR,5d67307c492249f2b00f7b3276919ef5,2026-05-08T18:44:11Z,2,,8c562d4609184929917b988c8a94277c
spotify:track:3dBwxkzn7g0EB2bygXjwwI,5d67307c492249f2b00f7b3276919ef5,2026-05-08T18:44:11Z,1,,8c562d4609184929917b988c8a94277c
spotify:track:5dICfr4vxAuk6yqtvIL2Ip,5d67307c492249f2b00f7b3276919ef5,2026-05-08T18:44:11Z,1,,8c562d4609184929917b988c8a94277c
spotify:track:5NUWOrjG5EUhxoqv4ACguG,5d67307c492249f2b00f7b3276919ef5,2026-05-08T18:44:11Z,1,,8c562d4609184929917b988c8a94277c
spotify:track:6Hup3V9iFphKINc0bPw5W9,5d67307c492249f2b00f7b3276919ef5,2026-05-08T18:44:11Z,1,,8c562d4609184929917b988c8a94277c
spotify:track:6ORqU0bHbVCRjXm9AjyHyZ,5d67307c492249f2b00f7b3276919ef5,2026-05-08T18:44:11Z,1,,8c562d4609184929917b988c8a94277c
spotify:track:6v90ogq4aY6xoM4pY8nwzw,5d67307c492249f2b00f7b3276919ef5,2026-05-08T18:44:11Z,1,,8c562d4609184929917b988c8a94277c
spotify:track:7zLGHdfJ3JRPxvc96mEPEi,5d67307c492249f2b00f7b3276919ef5,2026-05-08T18:44:11Z,1,,8c562d4609184929917b988c8a94277c
spotify:track:1HM7Vp84E4SMzdrZONg6bH,5d67307c492249f2b00f7b3276919ef5,2026-05-08T18:44:11Z,1,,8c562d4609184929917b988c8a94277c
spotify:track:6Hup3V9iFphKINc0bPw5W9,e4baba279a664e01b42eb740644f095c,2026-05-09T10:05:47Z,1,The instrumentation in this is just delightful. ,8c562d4609184929917b988c8a94277c
spotify:track:1HM7Vp84E4SMzdrZONg6bH,e4baba279a664e01b42eb740644f095c,2026-05-09T10:05:47Z,1,"I am a little biased, because you'd probably have to just flat out miss the brief to not get points from me for maiden ... but you didn't, so here you go! ",8c562d4609184929917b988c8a94277c
spotify:track:1M1wqGG7FYPlHVFWOZloJR,e4baba279a664e01b42eb740644f095c,2026-05-09T10:05:47Z,1,"Definitely not my usual fare, but this worked for me. ",8c562d4609184929917b988c8a94277c
spotify:track:3qpFX3sEc1lnYAfjcgxAxA,e4baba279a664e01b42eb740644f095c,2026-05-09T10:05:47Z,0,"This feels a little petty, but there's is a weird discordant moment just before the line ""in a glass of corn liqueur"" that took me out of this song every time. ",8c562d4609184929917b988c8a94277c
spotify:track:5CkTDPtqkCO49qThnNZzVm,e4baba279a664e01b42eb740644f095c,2026-05-09T10:05:47Z,1,"Short, but does the work.

'With expectations of our ultimate directions and the stations that we should have reached by now""",8c562d4609184929917b988c8a94277c
spotify:track:5dICfr4vxAuk6yqtvIL2Ip,e4baba279a664e01b42eb740644f095c,2026-05-09T10:05:47Z,1,"This is why you gotta listen a few times. I probably wouldn't have given this points if we could only listen through once, but it's grown on me! ",8c562d4609184929917b988c8a94277c
spotify:track:5ihS6UUlyQAfmp48eSkxuQ,e4baba279a664e01b42eb740644f095c,2026-05-09T10:05:47Z,1,"This is nice, but I will admit it did kinda slip past me on the first couple of passes of the playlist",8c562d4609184929917b988c8a94277c
spotify:track:5NUWOrjG5EUhxoqv4ACguG,e4baba279a664e01b42eb740644f095c,2026-05-09T10:05:47Z,2,Somehow straddles a line between silly and sincere and goes far harder that it probably has any right to. ,8c562d4609184929917b988c8a94277c
spotify:track:65mz587jxcFYgqvesekK8I,e4baba279a664e01b42eb740644f095c,2026-05-09T10:05:47Z,0,Is it just me or is this Robbie's attempt at an Oasis track?,8c562d4609184929917b988c8a94277c
spotify:track:6ORqU0bHbVCRjXm9AjyHyZ,e4baba279a664e01b42eb740644f095c,2026-05-09T10:05:47Z,1,"This is one of the Green Day songs I do enjoy. Might be the fiddling. No, the instrument, you dirty bugger.",8c562d4609184929917b988c8a94277c
spotify:track:6v90ogq4aY6xoM4pY8nwzw,e4baba279a664e01b42eb740644f095c,2026-05-09T10:05:47Z,0,"I dunno, something about this just didn't sit with me. ",8c562d4609184929917b988c8a94277c
spotify:track:7rFN0DhIFPjAWG1EaHO2F0,e4baba279a664e01b42eb740644f095c,2026-05-09T10:05:47Z,1,"Ooo, the sax in this is good stuff. ",8c562d4609184929917b988c8a94277c
spotify:track:7zLGHdfJ3JRPxvc96mEPEi,e4baba279a664e01b42eb740644f095c,2026-05-09T10:05:47Z,0,"Beyond the title, I'm not sure this really fits the brief. And in this competitive field that element of doubt has lost you some points, I'm afraid. ",8c562d4609184929917b988c8a94277c
spotify:track:1HM7Vp84E4SMzdrZONg6bH,b2fd357c852d458f8ea4fa557c68b37f,2026-05-09T12:55:57Z,2,,8c562d4609184929917b988c8a94277c
spotify:track:1M1wqGG7FYPlHVFWOZloJR,b2fd357c852d458f8ea4fa557c68b37f,2026-05-09T12:55:57Z,1,,8c562d4609184929917b988c8a94277c
spotify:track:5CkTDPtqkCO49qThnNZzVm,b2fd357c852d458f8ea4fa557c68b37f,2026-05-09T12:55:57Z,1,,8c562d4609184929917b988c8a94277c
spotify:track:5dICfr4vxAuk6yqtvIL2Ip,b2fd357c852d458f8ea4fa557c68b37f,2026-05-09T12:55:57Z,2,"""My comfort zone is beautiful but nothing ever grows there"" - lot of banger lines to drop on conversations in here.",8c562d4609184929917b988c8a94277c
spotify:track:5NUWOrjG5EUhxoqv4ACguG,b2fd357c852d458f8ea4fa557c68b37f,2026-05-09T12:55:57Z,3,"It's important to celebrate the skills that you DO have, and being able to ""beat every level in Mario"" only gets more impressive as they make more Mario games.",8c562d4609184929917b988c8a94277c
spotify:track:65mz587jxcFYgqvesekK8I,b2fd357c852d458f8ea4fa557c68b37f,2026-05-09T12:55:57Z,1,,8c562d4609184929917b988c8a94277c
spotify:track:1HM7Vp84E4SMzdrZONg6bH,b49a4cb5ad234418b3ff4bdfd2ab321f,2026-05-09T13:20:28Z,1,One of Maiden's best from one of Maiden's best. Captures a positive side to life perfectly.,8c562d4609184929917b988c8a94277c
spotify:track:1M1wqGG7FYPlHVFWOZloJR,b49a4cb5ad234418b3ff4bdfd2ab321f,2026-05-09T13:20:28Z,1,Always appreciate Aesop Rock since getting introduced via Skelethon a while back. Used to play piano/keyboards until I had to sell mine to make rent one month and never got back to it.,8c562d4609184929917b988c8a94277c
spotify:track:3dBwxkzn7g0EB2bygXjwwI,b49a4cb5ad234418b3ff4bdfd2ab321f,2026-05-09T13:20:28Z,1,"I've only known Tim for his comedy songs, this is beautiful.",8c562d4609184929917b988c8a94277c
spotify:track:3qpFX3sEc1lnYAfjcgxAxA,b49a4cb5ad234418b3ff4bdfd2ab321f,2026-05-09T13:20:28Z,1,Country can be not-shit sometimes.,8c562d4609184929917b988c8a94277c
spotify:track:5CkTDPtqkCO49qThnNZzVm,b49a4cb5ad234418b3ff4bdfd2ab321f,2026-05-09T13:20:28Z,1,"I miss my 20s. Some things are better now, but everyone else has gone on to have families and big careers and I've not had kids and just a 'small' job so all I have is the free time and very few people to spend it with any more.",8c562d4609184929917b988c8a94277c
spotify:track:5ihS6UUlyQAfmp48eSkxuQ,b49a4cb5ad234418b3ff4bdfd2ab321f,2026-05-09T13:20:28Z,1,Stevie Nicks somehow nailing it about getting old about four decades before she had to worry about it.,8c562d4609184929917b988c8a94277c
spotify:track:5NUWOrjG5EUhxoqv4ACguG,b49a4cb5ad234418b3ff4bdfd2ab321f,2026-05-09T13:20:28Z,0,I didn't come here to be personally attacked.,8c562d4609184929917b988c8a94277c
spotify:track:6Hup3V9iFphKINc0bPw5W9,b49a4cb5ad234418b3ff4bdfd2ab321f,2026-05-09T13:20:28Z,1,"Real life for 99% of people. Marriages, births, ever-present war and constant drudgery.",8c562d4609184929917b988c8a94277c
spotify:track:6ORqU0bHbVCRjXm9AjyHyZ,b49a4cb5ad234418b3ff4bdfd2ab321f,2026-05-09T13:20:28Z,0,I think I've heard this song (frequently misused) so many times by this point to ever be able to give it a fair rating.,8c562d4609184929917b988c8a94277c
spotify:track:6v90ogq4aY6xoM4pY8nwzw,b49a4cb5ad234418b3ff4bdfd2ab321f,2026-05-09T13:20:28Z,1,"Too hard, eh.",8c562d4609184929917b988c8a94277c
spotify:track:7rFN0DhIFPjAWG1EaHO2F0,b49a4cb5ad234418b3ff4bdfd2ab321f,2026-05-09T13:20:28Z,1,"Let's face it, everything went wrong as soon as Bowie died and we're still living in the aftermath of that.",8c562d4609184929917b988c8a94277c
spotify:track:7zLGHdfJ3JRPxvc96mEPEi,b49a4cb5ad234418b3ff4bdfd2ab321f,2026-05-09T13:20:28Z,1,,8c562d4609184929917b988c8a94277c
spotify:track:1HM7Vp84E4SMzdrZONg6bH,c9020fb4892a4c77aaeded2efd21f9b4,2026-05-10T01:14:39Z,1,"Terrific sentiment. We're alive now, that's the point.",8c562d4609184929917b988c8a94277c
spotify:track:1M1wqGG7FYPlHVFWOZloJR,c9020fb4892a4c77aaeded2efd21f9b4,2026-05-10T01:14:39Z,1,"I really can't stand rap and hip hop but reading the lyrics definitely hits hard, as you say. I, too, ""used to"" draw. But we put that aside for family, for work, for survival. ",8c562d4609184929917b988c8a94277c
spotify:track:3dBwxkzn7g0EB2bygXjwwI,c9020fb4892a4c77aaeded2efd21f9b4,2026-05-10T01:14:39Z,1,"Say what you will about Tim, I've fallen away from his later work, but he has a fuckin way with words. ""Died of power bills left unpaid"" is as savage a line as he's ever written. And his ability to make a line repeated through the song mean something different each time is, I think, untouched. Also great trumpet.",8c562d4609184929917b988c8a94277c
spotify:track:5CkTDPtqkCO49qThnNZzVm,c9020fb4892a4c77aaeded2efd21f9b4,2026-05-10T01:14:39Z,2,Shouldn't love it but I do. Damn.,8c562d4609184929917b988c8a94277c
spotify:track:5ihS6UUlyQAfmp48eSkxuQ,c9020fb4892a4c77aaeded2efd21f9b4,2026-05-10T01:14:39Z,1,Cheating but effective.,8c562d4609184929917b988c8a94277c
spotify:track:5NUWOrjG5EUhxoqv4ACguG,c9020fb4892a4c77aaeded2efd21f9b4,2026-05-10T01:14:39Z,2,Wait can I use this for the previous round?,8c562d4609184929917b988c8a94277c
spotify:track:6Hup3V9iFphKINc0bPw5W9,c9020fb4892a4c77aaeded2efd21f9b4,2026-05-10T01:14:39Z,0,A bit?!,8c562d4609184929917b988c8a94277c
spotify:track:6ORqU0bHbVCRjXm9AjyHyZ,c9020fb4892a4c77aaeded2efd21f9b4,2026-05-10T01:14:39Z,1,Cheating but effective ,8c562d4609184929917b988c8a94277c
spotify:track:7zLGHdfJ3JRPxvc96mEPEi,c9020fb4892a4c77aaeded2efd21f9b4,2026-05-10T01:14:39Z,1,Cheating but effective ,8c562d4609184929917b988c8a94277c
spotify:track:1HM7Vp84E4SMzdrZONg6bH,93455c46f7d945a187150fc527630db4,2026-05-10T04:15:03Z,1,,8c562d4609184929917b988c8a94277c
spotify:track:1M1wqGG7FYPlHVFWOZloJR,93455c46f7d945a187150fc527630db4,2026-05-10T04:15:03Z,1,,8c562d4609184929917b988c8a94277c
spotify:track:3dBwxkzn7g0EB2bygXjwwI,93455c46f7d945a187150fc527630db4,2026-05-10T04:15:03Z,1,Deeply sad but also sort of sweet,8c562d4609184929917b988c8a94277c
spotify:track:5CkTDPtqkCO49qThnNZzVm,93455c46f7d945a187150fc527630db4,2026-05-10T04:15:03Z,2,,8c562d4609184929917b988c8a94277c
spotify:track:5dICfr4vxAuk6yqtvIL2Ip,93455c46f7d945a187150fc527630db4,2026-05-10T04:15:03Z,2,,8c562d4609184929917b988c8a94277c
spotify:track:5ihS6UUlyQAfmp48eSkxuQ,93455c46f7d945a187150fc527630db4,2026-05-10T04:15:03Z,1,,8c562d4609184929917b988c8a94277c
spotify:track:7zLGHdfJ3JRPxvc96mEPEi,93455c46f7d945a187150fc527630db4,2026-05-10T04:15:03Z,2,,8c562d4609184929917b988c8a94277c
spotify:track:1HM7Vp84E4SMzdrZONg6bH,6495e706501d405b96d5a435a5903ca7,2026-05-11T23:01:31Z,0,Would give votes but just lost out due to amount of songs,8c562d4609184929917b988c8a94277c
spotify:track:1M1wqGG7FYPlHVFWOZloJR,6495e706501d405b96d5a435a5903ca7,2026-05-11T23:01:31Z,0,"Sorry my friend, just couldn't get on board I'm afraid ",8c562d4609184929917b988c8a94277c
spotify:track:3dBwxkzn7g0EB2bygXjwwI,6495e706501d405b96d5a435a5903ca7,2026-05-11T23:01:31Z,2,"Agreed, what a lovely song.",8c562d4609184929917b988c8a94277c
spotify:track:3qpFX3sEc1lnYAfjcgxAxA,6495e706501d405b96d5a435a5903ca7,2026-05-11T23:01:31Z,1,"Aye go on then, you succeeded the persuasion check. ",8c562d4609184929917b988c8a94277c
spotify:track:5CkTDPtqkCO49qThnNZzVm,6495e706501d405b96d5a435a5903ca7,2026-05-11T23:01:31Z,1,,8c562d4609184929917b988c8a94277c
spotify:track:5dICfr4vxAuk6yqtvIL2Ip,6495e706501d405b96d5a435a5903ca7,2026-05-11T23:01:31Z,1,,8c562d4609184929917b988c8a94277c
spotify:track:5NUWOrjG5EUhxoqv4ACguG,6495e706501d405b96d5a435a5903ca7,2026-05-11T23:01:31Z,0,Could have been a strong submission for the Express Yourself round,8c562d4609184929917b988c8a94277c
spotify:track:65mz587jxcFYgqvesekK8I,6495e706501d405b96d5a435a5903ca7,2026-05-11T23:01:31Z,1,I too would like the Pope to get high,8c562d4609184929917b988c8a94277c
spotify:track:6Hup3V9iFphKINc0bPw5W9,6495e706501d405b96d5a435a5903ca7,2026-05-11T23:01:31Z,1,"I enjoyed this.  Bit sad, but enjoyable and meets the brief. ",8c562d4609184929917b988c8a94277c
spotify:track:6ORqU0bHbVCRjXm9AjyHyZ,6495e706501d405b96d5a435a5903ca7,2026-05-11T23:01:31Z,1,"I know it's about a breakup, but damn I'm a sucker for the violin section.",8c562d4609184929917b988c8a94277c
spotify:track:7zLGHdfJ3JRPxvc96mEPEi,6495e706501d405b96d5a435a5903ca7,2026-05-11T23:01:31Z,2,"Fits the brief and a lovely, catchy song. Bonus point for flavour text. ",8c562d4609184929917b988c8a94277c
spotify:track:1HM7Vp84E4SMzdrZONg6bH,d21152e7d3cd4a69b0951abdfe3e1480,2026-05-12T06:47:40Z,1,,8c562d4609184929917b988c8a94277c
spotify:track:3qpFX3sEc1lnYAfjcgxAxA,d21152e7d3cd4a69b0951abdfe3e1480,2026-05-12T06:47:40Z,1,,8c562d4609184929917b988c8a94277c
spotify:track:5CkTDPtqkCO49qThnNZzVm,d21152e7d3cd4a69b0951abdfe3e1480,2026-05-12T06:47:40Z,1,What a horrific attempt at playing the harmonica,8c562d4609184929917b988c8a94277c
spotify:track:5ihS6UUlyQAfmp48eSkxuQ,d21152e7d3cd4a69b0951abdfe3e1480,2026-05-12T06:47:40Z,3,"On the nose, but also great",8c562d4609184929917b988c8a94277c
spotify:track:65mz587jxcFYgqvesekK8I,d21152e7d3cd4a69b0951abdfe3e1480,2026-05-12T06:47:40Z,0,"Is this about getting old, or just hoping that you get old?",8c562d4609184929917b988c8a94277c
spotify:track:6ORqU0bHbVCRjXm9AjyHyZ,d21152e7d3cd4a69b0951abdfe3e1480,2026-05-12T06:47:40Z,0,"Another turning point a fork stuck in the road
Another turning point a fork stuck in the road
Another turning point a fork stuck in the road
Another turning point a fork stuck in the road
Another turning point a fork stuck in the road",8c562d4609184929917b988c8a94277c
spotify:track:6v90ogq4aY6xoM4pY8nwzw,d21152e7d3cd4a69b0951abdfe3e1480,2026-05-12T06:47:40Z,1,,8c562d4609184929917b988c8a94277c
spotify:track:7rFN0DhIFPjAWG1EaHO2F0,d21152e7d3cd4a69b0951abdfe3e1480,2026-05-12T06:47:40Z,1,,8c562d4609184929917b988c8a94277c
spotify:track:7zLGHdfJ3JRPxvc96mEPEi,d21152e7d3cd4a69b0951abdfe3e1480,2026-05-12T06:47:40Z,2,Every time a Hall & Oates song comes on I'm always shocked to hear it's a Hall & Oates song,8c562d4609184929917b988c8a94277c
spotify:track:0hLnmbp7esuygjxzHF87yz,c9020fb4892a4c77aaeded2efd21f9b4,2026-05-15T07:45:58Z,0,"Possible hot take, but I don't love Queen Live.",f87974c8be884d278c32c7ef5969cb95
spotify:track:2XbcujvemK0hGh0Ob4HAXQ,c9020fb4892a4c77aaeded2efd21f9b4,2026-05-15T07:45:58Z,0,"As I said on that one, I really don't rate Queen Live.",f87974c8be884d278c32c7ef5969cb95
spotify:track:3jXYV0kWv1FbMYypvyjfSK,c9020fb4892a4c77aaeded2efd21f9b4,2026-05-15T07:45:58Z,2,Good banjo,f87974c8be884d278c32c7ef5969cb95
spotify:track:3OlXDh31sBuXhMzR06WC92,c9020fb4892a4c77aaeded2efd21f9b4,2026-05-15T07:45:58Z,4,Well that's a damn good song.,f87974c8be884d278c32c7ef5969cb95
spotify:track:3XJaDkEB4WKZe0a2gblV7U,c9020fb4892a4c77aaeded2efd21f9b4,2026-05-15T07:45:58Z,1,Not terrible.,f87974c8be884d278c32c7ef5969cb95
spotify:track:4A6Ekry66nKjQb4xXIBXaY,c9020fb4892a4c77aaeded2efd21f9b4,2026-05-15T07:45:58Z,1,,f87974c8be884d278c32c7ef5969cb95
spotify:track:5C6MpGNz4skExRNVK6pJUj,c9020fb4892a4c77aaeded2efd21f9b4,2026-05-15T07:45:58Z,1,"Point for the correct use of ""affecting""",f87974c8be884d278c32c7ef5969cb95
spotify:track:5s457o0GLooprDJNitW5WF,c9020fb4892a4c77aaeded2efd21f9b4,2026-05-15T07:45:58Z,1,Hard to go wrong when the track itself is so good to start with.,f87974c8be884d278c32c7ef5969cb95
spotify:track:68Wf5I47kv3PC72baPEOcg,c9020fb4892a4c77aaeded2efd21f9b4,2026-05-15T07:45:58Z,0,I think we should keep this being a Naughty Step track.,f87974c8be884d278c32c7ef5969cb95
spotify:track:786S4NvzjE8PdC3Hl1MV60,c9020fb4892a4c77aaeded2efd21f9b4,2026-05-15T07:45:58Z,0,I don't want to bag out such an important song.,f87974c8be884d278c32c7ef5969cb95
spotify:track:7BQ3mNplvzQmx1qZt1ysDc,c9020fb4892a4c77aaeded2efd21f9b4,2026-05-15T07:45:58Z,0,And suddenly I'm playing Tony Hawke again.,f87974c8be884d278c32c7ef5969cb95
spotify:track:0hLnmbp7esuygjxzHF87yz,ec6e845efede4f3abfce9ac2b3254ff7,2026-05-15T08:43:45Z,2,My dad gave me this on DVD as a kid because he was in crowd! (Quick parental flex: He’s also in the music video for Radio Gaga) I played this DVD almost every night. Very fond memories of the show even though i wasn’t even born,f87974c8be884d278c32c7ef5969cb95
spotify:track:2FUJZ1HMAvXgGkEiqd9qa5,ec6e845efede4f3abfce9ac2b3254ff7,2026-05-15T08:43:45Z,1,The crowd sounds amazing and they deserve this point,f87974c8be884d278c32c7ef5969cb95
spotify:track:2XbcujvemK0hGh0Ob4HAXQ,ec6e845efede4f3abfce9ac2b3254ff7,2026-05-15T08:43:45Z,2,My dad gave me this on DVD as a kid because he was in crowd! (Quick parental flex: He’s also in the music video for Radio Gaga) I played this DVD almost every night. Very fond memories of the show even though i wasn’t even born!,f87974c8be884d278c32c7ef5969cb95
spotify:track:3jXYV0kWv1FbMYypvyjfSK,ec6e845efede4f3abfce9ac2b3254ff7,2026-05-15T08:43:45Z,2,That was bloody good fun!,f87974c8be884d278c32c7ef5969cb95
spotify:track:5s457o0GLooprDJNitW5WF,ec6e845efede4f3abfce9ac2b3254ff7,2026-05-15T08:43:45Z,0,"Ran out of points, but this was very tight recording!",f87974c8be884d278c32c7ef5969cb95
spotify:track:68Wf5I47kv3PC72baPEOcg,ec6e845efede4f3abfce9ac2b3254ff7,2026-05-15T08:43:45Z,1,,f87974c8be884d278c32c7ef5969cb95
spotify:track:786S4NvzjE8PdC3Hl1MV60,ec6e845efede4f3abfce9ac2b3254ff7,2026-05-15T08:43:45Z,1,,f87974c8be884d278c32c7ef5969cb95
spotify:track:7BQ3mNplvzQmx1qZt1ysDc,ec6e845efede4f3abfce9ac2b3254ff7,2026-05-15T08:43:45Z,1,,f87974c8be884d278c32c7ef5969cb95
spotify:track:2FUJZ1HMAvXgGkEiqd9qa5,1af891d6b3bf4540a518ddd5b310e3b9,2026-05-15T09:52:14Z,5,Time Travel gig #3. I'm so glad you picked this. I'm trying very hard to not give it the full 10.,f87974c8be884d278c32c7ef5969cb95
spotify:track:2XbcujvemK0hGh0Ob4HAXQ,1af891d6b3bf4540a518ddd5b310e3b9,2026-05-15T09:52:14Z,1,"Gotta be quick or be dead! 

This is the best recording of BoRap isn't it?",f87974c8be884d278c32c7ef5969cb95
spotify:track:5C6MpGNz4skExRNVK6pJUj,1af891d6b3bf4540a518ddd5b310e3b9,2026-05-15T09:52:14Z,2,,f87974c8be884d278c32c7ef5969cb95
spotify:track:786S4NvzjE8PdC3Hl1MV60,1af891d6b3bf4540a518ddd5b310e3b9,2026-05-15T09:52:14Z,2,,f87974c8be884d278c32c7ef5969cb95
spotify:track:2o98fGp4t5bNIS6ky0xa6u,026acc5a18a94f2bb1097778a32a4dae,2026-05-15T10:02:08Z,1,,f87974c8be884d278c32c7ef5969cb95
spotify:track:3jXYV0kWv1FbMYypvyjfSK,026acc5a18a94f2bb1097778a32a4dae,2026-05-15T10:02:08Z,1,,f87974c8be884d278c32c7ef5969cb95
spotify:track:3OlXDh31sBuXhMzR06WC92,026acc5a18a94f2bb1097778a32a4dae,2026-05-15T10:02:08Z,3,Still relevant another 21 years later.,f87974c8be884d278c32c7ef5969cb95
spotify:track:4ANrtIuUwM4s8bgvvDWqVb,026acc5a18a94f2bb1097778a32a4dae,2026-05-15T10:02:08Z,1,,f87974c8be884d278c32c7ef5969cb95
spotify:track:5C6MpGNz4skExRNVK6pJUj,026acc5a18a94f2bb1097778a32a4dae,2026-05-15T10:02:08Z,1,,f87974c8be884d278c32c7ef5969cb95
spotify:track:786S4NvzjE8PdC3Hl1MV60,026acc5a18a94f2bb1097778a32a4dae,2026-05-15T10:02:08Z,2,,f87974c8be884d278c32c7ef5969cb95
spotify:track:7BQ3mNplvzQmx1qZt1ysDc,026acc5a18a94f2bb1097778a32a4dae,2026-05-15T10:02:08Z,1,,f87974c8be884d278c32c7ef5969cb95
spotify:track:2FUJZ1HMAvXgGkEiqd9qa5,d21152e7d3cd4a69b0951abdfe3e1480,2026-05-15T11:20:49Z,1,It's no van Canto doing it live,f87974c8be884d278c32c7ef5969cb95
spotify:track:3jXYV0kWv1FbMYypvyjfSK,d21152e7d3cd4a69b0951abdfe3e1480,2026-05-15T11:20:49Z,2,Bluegrass never fails to make me smile,f87974c8be884d278c32c7ef5969cb95
spotify:track:3OlXDh31sBuXhMzR06WC92,d21152e7d3cd4a69b0951abdfe3e1480,2026-05-15T11:20:49Z,2,"If I had a nickels for every time this song has appeared in a music league round, I'd have two nickels, which isn't that many but it's weird it's happened twice.",f87974c8be884d278c32c7ef5969cb95
spotify:track:3XJaDkEB4WKZe0a2gblV7U,d21152e7d3cd4a69b0951abdfe3e1480,2026-05-15T11:20:49Z,0,"You fuckers, I could have got away with the opening track.",f87974c8be884d278c32c7ef5969cb95
spotify:track:4A6Ekry66nKjQb4xXIBXaY,d21152e7d3cd4a69b0951abdfe3e1480,2026-05-15T11:20:49Z,2,"I love how abrasive Against Me! are, fucking love Laura Jane Grace",f87974c8be884d278c32c7ef5969cb95
spotify:track:4ANrtIuUwM4s8bgvvDWqVb,d21152e7d3cd4a69b0951abdfe3e1480,2026-05-15T11:20:49Z,3,"Incredible noise, big fan of those horns",f87974c8be884d278c32c7ef5969cb95
spotify:track:5C6MpGNz4skExRNVK6pJUj,d21152e7d3cd4a69b0951abdfe3e1480,2026-05-15T11:20:49Z,0,This just sounded like noise to me,f87974c8be884d278c32c7ef5969cb95
spotify:track:5s457o0GLooprDJNitW5WF,d21152e7d3cd4a69b0951abdfe3e1480,2026-05-15T11:20:49Z,0,"Eh, this just sounded like The Killers",f87974c8be884d278c32c7ef5969cb95
spotify:track:0hLnmbp7esuygjxzHF87yz,b49a4cb5ad234418b3ff4bdfd2ab321f,2026-05-15T11:56:00Z,2,"It's Queen. It's one of their greatest ballads. It's also from Highlander which I fucking love, and it sounds great live.",f87974c8be884d278c32c7ef5969cb95
spotify:track:2FUJZ1HMAvXgGkEiqd9qa5,b49a4cb5ad234418b3ff4bdfd2ab321f,2026-05-15T11:56:00Z,1,"It's probably Iron Maiden's best live album, and thus the best live version of Fear Of The Dark of the 17 or so that are out there.",f87974c8be884d278c32c7ef5969cb95
spotify:track:2o98fGp4t5bNIS6ky0xa6u,b49a4cb5ad234418b3ff4bdfd2ab321f,2026-05-15T11:56:00Z,2,Always felt that the album track was a bit too tame and cut short and this fixes that completely.,f87974c8be884d278c32c7ef5969cb95
spotify:track:2XbcujvemK0hGh0Ob4HAXQ,b49a4cb5ad234418b3ff4bdfd2ab321f,2026-05-15T11:56:00Z,0,"You've had a bit of grief thrown at you, I'm only going to put you on The Medium Step.",f87974c8be884d278c32c7ef5969cb95
spotify:track:3jXYV0kWv1FbMYypvyjfSK,b49a4cb5ad234418b3ff4bdfd2ab321f,2026-05-15T11:56:00Z,1,Thought this was going to be a secret third Queen track for a moment.,f87974c8be884d278c32c7ef5969cb95
spotify:track:3OlXDh31sBuXhMzR06WC92,b49a4cb5ad234418b3ff4bdfd2ab321f,2026-05-15T11:56:00Z,0,A song with a great message...but I'm not sure what's elevated here by it being live.,f87974c8be884d278c32c7ef5969cb95
spotify:track:3XJaDkEB4WKZe0a2gblV7U,b49a4cb5ad234418b3ff4bdfd2ab321f,2026-05-15T11:56:00Z,1,The sound of everyone on stage having a great time.,f87974c8be884d278c32c7ef5969cb95
spotify:track:4A6Ekry66nKjQb4xXIBXaY,b49a4cb5ad234418b3ff4bdfd2ab321f,2026-05-15T11:56:00Z,0,"I feel like I should feel more of a connection with this band because of Laura Jane Grace, but hearing this I just want to listen to The Levellers. 🤷‍♀️",f87974c8be884d278c32c7ef5969cb95
spotify:track:4ANrtIuUwM4s8bgvvDWqVb,b49a4cb5ad234418b3ff4bdfd2ab321f,2026-05-15T11:56:00Z,1,"Heck of a groove to this one, might have to check out more.",f87974c8be884d278c32c7ef5969cb95
spotify:track:5C6MpGNz4skExRNVK6pJUj,b49a4cb5ad234418b3ff4bdfd2ab321f,2026-05-15T11:56:00Z,0,"Not my type of prog, but I'm glad you got that experience.",f87974c8be884d278c32c7ef5969cb95
spotify:track:5s457o0GLooprDJNitW5WF,b49a4cb5ad234418b3ff4bdfd2ab321f,2026-05-15T11:56:00Z,0,"I genuinely like The Killers and have carried on listening up to their latest album, but I have never liked this song and despise its never-ending popularity with my generation.",f87974c8be884d278c32c7ef5969cb95
spotify:track:786S4NvzjE8PdC3Hl1MV60,b49a4cb5ad234418b3ff4bdfd2ab321f,2026-05-15T11:56:00Z,1,Should be the actual European Anthem instead of Ode To Joy.,f87974c8be884d278c32c7ef5969cb95
spotify:track:7BQ3mNplvzQmx1qZt1ysDc,b49a4cb5ad234418b3ff4bdfd2ab321f,2026-05-15T11:56:00Z,1,A point on behalf of my wife.,f87974c8be884d278c32c7ef5969cb95
spotify:track:2o98fGp4t5bNIS6ky0xa6u,b2fd357c852d458f8ea4fa557c68b37f,2026-05-15T14:19:59Z,2,,f87974c8be884d278c32c7ef5969cb95
spotify:track:3OlXDh31sBuXhMzR06WC92,b2fd357c852d458f8ea4fa557c68b37f,2026-05-15T14:19:59Z,5,Banger,f87974c8be884d278c32c7ef5969cb95
spotify:track:3XJaDkEB4WKZe0a2gblV7U,b2fd357c852d458f8ea4fa557c68b37f,2026-05-15T14:19:59Z,1,If Professor Leyton was a JRPG this would be the battle theme.,f87974c8be884d278c32c7ef5969cb95
spotify:track:4ANrtIuUwM4s8bgvvDWqVb,b2fd357c852d458f8ea4fa557c68b37f,2026-05-15T14:19:59Z,1,,f87974c8be884d278c32c7ef5969cb95
spotify:track:5C6MpGNz4skExRNVK6pJUj,b2fd357c852d458f8ea4fa557c68b37f,2026-05-15T14:19:59Z,1,,f87974c8be884d278c32c7ef5969cb95
spotify:track:0hLnmbp7esuygjxzHF87yz,f1c713e8e22f4674a449cc92e27d3930,2026-05-15T15:32:58Z,1,"Knew this one was coming, still voting for it.",f87974c8be884d278c32c7ef5969cb95
spotify:track:2FUJZ1HMAvXgGkEiqd9qa5,f1c713e8e22f4674a449cc92e27d3930,2026-05-15T15:32:58Z,2,"This is the one I'd expected there to be a race for. Maybe there was, I don't know!",f87974c8be884d278c32c7ef5969cb95
spotify:track:2XbcujvemK0hGh0Ob4HAXQ,f1c713e8e22f4674a449cc92e27d3930,2026-05-15T15:32:58Z,0,Alas..,f87974c8be884d278c32c7ef5969cb95
spotify:track:3jXYV0kWv1FbMYypvyjfSK,f1c713e8e22f4674a449cc92e27d3930,2026-05-15T15:32:58Z,2,"Really enjoyed this cover, and not the third outright Queen track!",f87974c8be884d278c32c7ef5969cb95
spotify:track:3OlXDh31sBuXhMzR06WC92,f1c713e8e22f4674a449cc92e27d3930,2026-05-15T15:32:58Z,0,Bonus content: non-live (and in my opinion inferior) version here https://youtu.be/x84RCGZG2dI?t=799,f87974c8be884d278c32c7ef5969cb95
spotify:track:4A6Ekry66nKjQb4xXIBXaY,f1c713e8e22f4674a449cc92e27d3930,2026-05-15T15:32:58Z,1,Pints of Guinness *do* make me strong! And cool and sexy!,f87974c8be884d278c32c7ef5969cb95
spotify:track:4ANrtIuUwM4s8bgvvDWqVb,f1c713e8e22f4674a449cc92e27d3930,2026-05-15T15:32:58Z,1,A bop,f87974c8be884d278c32c7ef5969cb95
spotify:track:68Wf5I47kv3PC72baPEOcg,f1c713e8e22f4674a449cc92e27d3930,2026-05-15T15:32:58Z,2,"Saw this at Glasto 2003, the only one I've been to and the best one anyway",f87974c8be884d278c32c7ef5969cb95
spotify:track:7BQ3mNplvzQmx1qZt1ysDc,f1c713e8e22f4674a449cc92e27d3930,2026-05-15T15:32:58Z,1,A group of friends saw them at Coachella in a year I was absolutely unable to take a holiday and I've never forgiven them,f87974c8be884d278c32c7ef5969cb95
spotify:track:2FUJZ1HMAvXgGkEiqd9qa5,555c7be4f519498e97a6bf62888fb0df,2026-05-16T06:57:18Z,1,,f87974c8be884d278c32c7ef5969cb95
spotify:track:3OlXDh31sBuXhMzR06WC92,555c7be4f519498e97a6bf62888fb0df,2026-05-16T06:57:18Z,4,"Once again you got me with a Chumbawamba song.

I actually sang on the album I sent to Joe with Boff Whalley, my claim to folk fame!",f87974c8be884d278c32c7ef5969cb95
spotify:track:5C6MpGNz4skExRNVK6pJUj,555c7be4f519498e97a6bf62888fb0df,2026-05-16T06:57:18Z,1,,f87974c8be884d278c32c7ef5969cb95
spotify:track:786S4NvzjE8PdC3Hl1MV60,555c7be4f519498e97a6bf62888fb0df,2026-05-16T06:57:18Z,3,"I catch myself whistling the opening to this more often than not - it’s just in my head, rent free.",f87974c8be884d278c32c7ef5969cb95
spotify:track:7BQ3mNplvzQmx1qZt1ysDc,555c7be4f519498e97a6bf62888fb0df,2026-05-16T06:57:18Z,1,,f87974c8be884d278c32c7ef5969cb95
spotify:track:2FUJZ1HMAvXgGkEiqd9qa5,5d67307c492249f2b00f7b3276919ef5,2026-05-18T05:06:22Z,2,,f87974c8be884d278c32c7ef5969cb95
spotify:track:2o98fGp4t5bNIS6ky0xa6u,5d67307c492249f2b00f7b3276919ef5,2026-05-18T05:06:22Z,1,,f87974c8be884d278c32c7ef5969cb95
spotify:track:2XbcujvemK0hGh0Ob4HAXQ,5d67307c492249f2b00f7b3276919ef5,2026-05-18T05:06:22Z,1,,f87974c8be884d278c32c7ef5969cb95
spotify:track:3jXYV0kWv1FbMYypvyjfSK,5d67307c492249f2b00f7b3276919ef5,2026-05-18T05:06:22Z,1,,f87974c8be884d278c32c7ef5969cb95
spotify:track:3OlXDh31sBuXhMzR06WC92,5d67307c492249f2b00f7b3276919ef5,2026-05-18T05:06:22Z,1,,f87974c8be884d278c32c7ef5969cb95
spotify:track:5C6MpGNz4skExRNVK6pJUj,5d67307c492249f2b00f7b3276919ef5,2026-05-18T05:06:22Z,1,,f87974c8be884d278c32c7ef5969cb95
spotify:track:5s457o0GLooprDJNitW5WF,5d67307c492249f2b00f7b3276919ef5,2026-05-18T05:06:22Z,1,,f87974c8be884d278c32c7ef5969cb95
spotify:track:7BQ3mNplvzQmx1qZt1ysDc,5d67307c492249f2b00f7b3276919ef5,2026-05-18T05:06:22Z,2,,f87974c8be884d278c32c7ef5969cb95
spotify:track:0hLnmbp7esuygjxzHF87yz,e4baba279a664e01b42eb740644f095c,2026-05-18T22:37:53Z,1,"Given the other Queen submission all but announced they were the repeat, you can still get a point. Great pick.",f87974c8be884d278c32c7ef5969cb95
spotify:track:2FUJZ1HMAvXgGkEiqd9qa5,e4baba279a664e01b42eb740644f095c,2026-05-18T22:37:53Z,2,Absolutely. This was one of the first Maiden records I listened to much of and it's such a great crowd and Bruce is such a showman. ,f87974c8be884d278c32c7ef5969cb95
spotify:track:2o98fGp4t5bNIS6ky0xa6u,e4baba279a664e01b42eb740644f095c,2026-05-18T22:37:53Z,0,"This was overall a little hit and miss for me; sometimes I enjoyed it, sometimes not so much. But what killed it for me was what passes for an instrumental break in this. It's really quite irritating, just hammering away at the same piercing note again and again. Not for me.",f87974c8be884d278c32c7ef5969cb95
spotify:track:2XbcujvemK0hGh0Ob4HAXQ,e4baba279a664e01b42eb740644f095c,2026-05-18T22:37:53Z,0,"Apologies, but naughty a step is a naughty step! ",f87974c8be884d278c32c7ef5969cb95
spotify:track:3jXYV0kWv1FbMYypvyjfSK,e4baba279a664e01b42eb740644f095c,2026-05-18T22:37:53Z,2,"Absolutely fantastic. If this is representative of all bluegrass, count me in. The solo break might be a smidge on the indulgent side, but then I'm one of the prog guys, so it'd be a little hypocritical if I held that against it.",f87974c8be884d278c32c7ef5969cb95
spotify:track:3OlXDh31sBuXhMzR06WC92,e4baba279a664e01b42eb740644f095c,2026-05-18T22:37:53Z,0,Another confounding entry from Chumbawumba. What is this band‽,f87974c8be884d278c32c7ef5969cb95
spotify:track:3XJaDkEB4WKZe0a2gblV7U,e4baba279a664e01b42eb740644f095c,2026-05-18T22:37:53Z,1,I had more fun with this than I expected after the first couple bars! ,f87974c8be884d278c32c7ef5969cb95
spotify:track:4A6Ekry66nKjQb4xXIBXaY,e4baba279a664e01b42eb740644f095c,2026-05-18T22:37:53Z,0,What am I listening to? Irish cowboy punk? ,f87974c8be884d278c32c7ef5969cb95
spotify:track:4ANrtIuUwM4s8bgvvDWqVb,e4baba279a664e01b42eb740644f095c,2026-05-18T22:37:53Z,1,"Again not my usual fare, but it drew me in. Almost RATM vibes with the bass riff. ",f87974c8be884d278c32c7ef5969cb95
spotify:track:5C6MpGNz4skExRNVK6pJUj,e4baba279a664e01b42eb740644f095c,2026-05-18T22:37:53Z,0,"I've said it before, I'll say it again; ... the trumpet! 🎺",f87974c8be884d278c32c7ef5969cb95
spotify:track:5s457o0GLooprDJNitW5WF,e4baba279a664e01b42eb740644f095c,2026-05-18T22:37:53Z,0,"Eh. This has always fallen a little flat for me. The verse just has no melody to it, it's almost the same note over and over. 
I mean, it's the logical The Killers pick, don't get me wrong, it's just they aren't for me. ",f87974c8be884d278c32c7ef5969cb95
spotify:track:68Wf5I47kv3PC72baPEOcg,e4baba279a664e01b42eb740644f095c,2026-05-18T22:37:53Z,0,"Not bad. But, it feels like it's all build; like it's climbing towards something epic, but then just fizzles out. Where's the pay-off? As such, I was left a little disappointed. ",f87974c8be884d278c32c7ef5969cb95
spotify:track:786S4NvzjE8PdC3Hl1MV60,e4baba279a664e01b42eb740644f095c,2026-05-18T22:37:53Z,1,"I've realised the actual song I find a little drab. But that whistling, if that's live that's clean as! And he has a great rapport with the crowd. ",f87974c8be884d278c32c7ef5969cb95
spotify:track:7BQ3mNplvzQmx1qZt1ysDc,e4baba279a664e01b42eb740644f095c,2026-05-18T22:37:53Z,2,"Just a stellar pick. My first RATM album was The Battle of Los Angeles, on which this is a standout track. Great stuff ",f87974c8be884d278c32c7ef5969cb95
spotify:track:0hLnmbp7esuygjxzHF87yz,6495e706501d405b96d5a435a5903ca7,2026-05-18T23:17:13Z,3,,f87974c8be884d278c32c7ef5969cb95
spotify:track:2FUJZ1HMAvXgGkEiqd9qa5,6495e706501d405b96d5a435a5903ca7,2026-05-18T23:17:13Z,1,,f87974c8be884d278c32c7ef5969cb95
spotify:track:2XbcujvemK0hGh0Ob4HAXQ,6495e706501d405b96d5a435a5903ca7,2026-05-18T23:17:13Z,0,"Naughty stepped. Was running out of time and panicked  
The League has served its karmic retribution, I'm spending my birthday looking after a household stricken with gastroentertis and I'm now rostered 4 consecutive night shifts next week. I feel I have brought this upon myself",f87974c8be884d278c32c7ef5969cb95
spotify:track:3jXYV0kWv1FbMYypvyjfSK,6495e706501d405b96d5a435a5903ca7,2026-05-18T23:17:13Z,1,,f87974c8be884d278c32c7ef5969cb95
spotify:track:3XJaDkEB4WKZe0a2gblV7U,6495e706501d405b96d5a435a5903ca7,2026-05-18T23:17:13Z,2,Joyful!,f87974c8be884d278c32c7ef5969cb95
spotify:track:786S4NvzjE8PdC3Hl1MV60,6495e706501d405b96d5a435a5903ca7,2026-05-18T23:17:13Z,1,Hard agree.,f87974c8be884d278c32c7ef5969cb95
spotify:track:7BQ3mNplvzQmx1qZt1ysDc,6495e706501d405b96d5a435a5903ca7,2026-05-18T23:17:13Z,2,Good shout,f87974c8be884d278c32c7ef5969cb95
spotify:track:0hLnmbp7esuygjxzHF87yz,0e033461ae5447c6b172e593d11ec57c,2026-05-19T06:41:18Z,1,Wish you’d not mentioned Opeth tbh,f87974c8be884d278c32c7ef5969cb95
spotify:track:2FUJZ1HMAvXgGkEiqd9qa5,0e033461ae5447c6b172e593d11ec57c,2026-05-19T06:41:18Z,2,They’ll never not be a laugh live. ,f87974c8be884d278c32c7ef5969cb95
spotify:track:2o98fGp4t5bNIS6ky0xa6u,0e033461ae5447c6b172e593d11ec57c,2026-05-19T06:41:18Z,1,I’ve not listened to much Bowie live. I need to fix that. ,f87974c8be884d278c32c7ef5969cb95
spotify:track:2XbcujvemK0hGh0Ob4HAXQ,0e033461ae5447c6b172e593d11ec57c,2026-05-19T06:41:18Z,0,I feel like picking one of the most famous songs ever made is a bit lazy. ,f87974c8be884d278c32c7ef5969cb95
spotify:track:3jXYV0kWv1FbMYypvyjfSK,0e033461ae5447c6b172e593d11ec57c,2026-05-19T06:41:18Z,0,"This is wild. I love it. If Jim Carrey’s Cable Guy version was in here, you woulda got 10.",f87974c8be884d278c32c7ef5969cb95
spotify:track:3OlXDh31sBuXhMzR06WC92,0e033461ae5447c6b172e593d11ec57c,2026-05-19T06:41:18Z,1,Good stuff. ,f87974c8be884d278c32c7ef5969cb95
spotify:track:3XJaDkEB4WKZe0a2gblV7U,0e033461ae5447c6b172e593d11ec57c,2026-05-19T06:41:18Z,2,Big into this. ,f87974c8be884d278c32c7ef5969cb95
spotify:track:4A6Ekry66nKjQb4xXIBXaY,0e033461ae5447c6b172e593d11ec57c,2026-05-19T06:41:18Z,0,Not a big fan of the voices in this. ,f87974c8be884d278c32c7ef5969cb95
spotify:track:4ANrtIuUwM4s8bgvvDWqVb,0e033461ae5447c6b172e593d11ec57c,2026-05-19T06:41:18Z,1,This was a good laugh. ,f87974c8be884d278c32c7ef5969cb95
spotify:track:5C6MpGNz4skExRNVK6pJUj,0e033461ae5447c6b172e593d11ec57c,2026-05-19T06:41:18Z,0,Shoulda postponed it three times…,f87974c8be884d278c32c7ef5969cb95
spotify:track:5s457o0GLooprDJNitW5WF,0e033461ae5447c6b172e593d11ec57c,2026-05-19T06:41:18Z,0,I woulda dumped points on the version of Jenny Was a Friend of Mine from this live album which I listen to lots. ,f87974c8be884d278c32c7ef5969cb95
spotify:track:68Wf5I47kv3PC72baPEOcg,0e033461ae5447c6b172e593d11ec57c,2026-05-19T06:41:18Z,1,Lovely stuff. ,f87974c8be884d278c32c7ef5969cb95
spotify:track:786S4NvzjE8PdC3Hl1MV60,0e033461ae5447c6b172e593d11ec57c,2026-05-19T06:41:18Z,0,Best song on here not about being afraid of the dark. ,f87974c8be884d278c32c7ef5969cb95
spotify:track:7BQ3mNplvzQmx1qZt1ysDc,0e033461ae5447c6b172e593d11ec57c,2026-05-19T06:41:18Z,1,Yeah go on ,f87974c8be884d278c32c7ef5969cb95
spotify:track:0lDpM5tkOggIIPSS7wdMNQ,1af891d6b3bf4540a518ddd5b310e3b9,2026-05-22T08:40:13Z,1,,c75f032af3474f5b935767a3d0e27feb
spotify:track:15znHkteSpb84tgFCKy31P,1af891d6b3bf4540a518ddd5b310e3b9,2026-05-22T08:40:13Z,3,,c75f032af3474f5b935767a3d0e27feb
spotify:track:4OeFQtRyT7vsLnRTv7t8YT,1af891d6b3bf4540a518ddd5b310e3b9,2026-05-22T08:40:13Z,2,,c75f032af3474f5b935767a3d0e27feb
spotify:track:4RqW6FZXZLUrndtWNaMGAf,1af891d6b3bf4540a518ddd5b310e3b9,2026-05-22T08:40:13Z,2,,c75f032af3474f5b935767a3d0e27feb
spotify:track:06HNCfXJcMnKHmRrkue97s,1af891d6b3bf4540a518ddd5b310e3b9,2026-05-22T08:40:13Z,2,,c75f032af3474f5b935767a3d0e27feb
spotify:track:0lP4HYLmvowOKdsQ7CVkuq,ec6e845efede4f3abfce9ac2b3254ff7,2026-05-22T08:53:59Z,1,,c75f032af3474f5b935767a3d0e27feb
spotify:track:0lDpM5tkOggIIPSS7wdMNQ,ec6e845efede4f3abfce9ac2b3254ff7,2026-05-22T08:53:59Z,2,,c75f032af3474f5b935767a3d0e27feb
spotify:track:2OtVlMgKCWgrIq05wyWzMQ,ec6e845efede4f3abfce9ac2b3254ff7,2026-05-22T08:53:59Z,1,,c75f032af3474f5b935767a3d0e27feb
spotify:track:4OeFQtRyT7vsLnRTv7t8YT,ec6e845efede4f3abfce9ac2b3254ff7,2026-05-22T08:53:59Z,2,,c75f032af3474f5b935767a3d0e27feb
spotify:track:4RqW6FZXZLUrndtWNaMGAf,ec6e845efede4f3abfce9ac2b3254ff7,2026-05-22T08:53:59Z,3,,c75f032af3474f5b935767a3d0e27feb
spotify:track:5dRQUolXAVX3BbCiIxmSsf,ec6e845efede4f3abfce9ac2b3254ff7,2026-05-22T08:53:59Z,1,,c75f032af3474f5b935767a3d0e27feb
spotify:track:06HNCfXJcMnKHmRrkue97s,b2fd357c852d458f8ea4fa557c68b37f,2026-05-22T09:52:35Z,1,,c75f032af3474f5b935767a3d0e27feb
spotify:track:7KKQJQuNd0uBPwREb3n6rf,b2fd357c852d458f8ea4fa557c68b37f,2026-05-22T09:52:35Z,2,Sometimes I try to say my service industry till script a little bit too fast and create an unintelligible verbal salad of syllables and phoneme that leaves me and and the customer dazed and confused. Just thinking about thay while listening to this.,c75f032af3474f5b935767a3d0e27feb
spotify:track:70eDxAyAraNTiD6lx2ZEnH,b2fd357c852d458f8ea4fa557c68b37f,2026-05-22T09:52:35Z,1,,c75f032af3474f5b935767a3d0e27feb
spotify:track:5VlcX1KejMHE5fpYmsKtqW,b2fd357c852d458f8ea4fa557c68b37f,2026-05-22T09:52:35Z,3,This is journey and one I was very happy to get carried away on.,c75f032af3474f5b935767a3d0e27feb
spotify:track:5aYk12VRZLhhdEGNgYUIyz,b2fd357c852d458f8ea4fa557c68b37f,2026-05-22T09:52:35Z,1,"I appreciate the broad interpretation of the theme by going somewhat meta

Also would not have recognised this as BDG at all so he's doing a bang up job clearly",c75f032af3474f5b935767a3d0e27feb
spotify:track:0lP4HYLmvowOKdsQ7CVkuq,b2fd357c852d458f8ea4fa557c68b37f,2026-05-22T09:52:35Z,2,Stone cold banger,c75f032af3474f5b935767a3d0e27feb
spotify:track:7KKQJQuNd0uBPwREb3n6rf,b49a4cb5ad234418b3ff4bdfd2ab321f,2026-05-22T10:06:19Z,1,,c75f032af3474f5b935767a3d0e27feb
spotify:track:0lDpM5tkOggIIPSS7wdMNQ,b49a4cb5ad234418b3ff4bdfd2ab321f,2026-05-22T10:06:19Z,1,,c75f032af3474f5b935767a3d0e27feb
spotify:track:15znHkteSpb84tgFCKy31P,b49a4cb5ad234418b3ff4bdfd2ab321f,2026-05-22T10:06:19Z,1,,c75f032af3474f5b935767a3d0e27feb
spotify:track:2OtVlMgKCWgrIq05wyWzMQ,b49a4cb5ad234418b3ff4bdfd2ab321f,2026-05-22T10:06:19Z,1,,c75f032af3474f5b935767a3d0e27feb
spotify:track:4RqW6FZXZLUrndtWNaMGAf,b49a4cb5ad234418b3ff4bdfd2ab321f,2026-05-22T10:06:19Z,5,,c75f032af3474f5b935767a3d0e27feb
spotify:track:5dRQUolXAVX3BbCiIxmSsf,b49a4cb5ad234418b3ff4bdfd2ab321f,2026-05-22T10:06:19Z,1,,c75f032af3474f5b935767a3d0e27feb
spotify:track:70eDxAyAraNTiD6lx2ZEnH,026acc5a18a94f2bb1097778a32a4dae,2026-05-22T10:58:26Z,2,,c75f032af3474f5b935767a3d0e27feb
spotify:track:5VlcX1KejMHE5fpYmsKtqW,026acc5a18a94f2bb1097778a32a4dae,2026-05-22T10:58:26Z,2,,c75f032af3474f5b935767a3d0e27feb
spotify:track:4RqW6FZXZLUrndtWNaMGAf,026acc5a18a94f2bb1097778a32a4dae,2026-05-22T10:58:26Z,3,,c75f032af3474f5b935767a3d0e27feb
spotify:track:2qDIMrFseJdxxQHFNQJlks,026acc5a18a94f2bb1097778a32a4dae,2026-05-22T10:58:26Z,2,,c75f032af3474f5b935767a3d0e27feb
spotify:track:0lDpM5tkOggIIPSS7wdMNQ,026acc5a18a94f2bb1097778a32a4dae,2026-05-22T10:58:26Z,1,,c75f032af3474f5b935767a3d0e27feb
spotify:track:2qDIMrFseJdxxQHFNQJlks,c9020fb4892a4c77aaeded2efd21f9b4,2026-05-22T11:33:17Z,0,"Nu-uh, nu-uh, nu-uh, nu-uh.",c75f032af3474f5b935767a3d0e27feb
spotify:track:70eDxAyAraNTiD6lx2ZEnH,c9020fb4892a4c77aaeded2efd21f9b4,2026-05-22T11:33:17Z,1,At least it isn't Iron Maiden,c75f032af3474f5b935767a3d0e27feb
spotify:track:5VlcX1KejMHE5fpYmsKtqW,c9020fb4892a4c77aaeded2efd21f9b4,2026-05-22T11:33:17Z,1,At least it isn't Iron Maiden,c75f032af3474f5b935767a3d0e27feb
spotify:track:4RqW6FZXZLUrndtWNaMGAf,c9020fb4892a4c77aaeded2efd21f9b4,2026-05-22T11:33:17Z,2,Definitely impressive pipes,c75f032af3474f5b935767a3d0e27feb
spotify:track:4OeFQtRyT7vsLnRTv7t8YT,c9020fb4892a4c77aaeded2efd21f9b4,2026-05-22T11:33:17Z,0,"This was, for the longest time, ostensibly the theme song for the Rugby League here in Australia. I have heard it so much, fragments here and there, blasted at footy finals, ads constantly, I absolutely cannot listen to or vote for this in good conscience. I apologise but I just cannot.",c75f032af3474f5b935767a3d0e27feb
spotify:track:0lDpM5tkOggIIPSS7wdMNQ,c9020fb4892a4c77aaeded2efd21f9b4,2026-05-22T11:33:17Z,2,Indeed impressive ,c75f032af3474f5b935767a3d0e27feb
spotify:track:0lP4HYLmvowOKdsQ7CVkuq,c9020fb4892a4c77aaeded2efd21f9b4,2026-05-22T11:33:17Z,1,At least it isn't Iron Maiden ,c75f032af3474f5b935767a3d0e27feb
spotify:track:15znHkteSpb84tgFCKy31P,c9020fb4892a4c77aaeded2efd21f9b4,2026-05-22T11:33:17Z,1,At least it isn't Iron Maiden,c75f032af3474f5b935767a3d0e27feb
spotify:track:2OtVlMgKCWgrIq05wyWzMQ,c9020fb4892a4c77aaeded2efd21f9b4,2026-05-22T11:33:17Z,2,Not bad,c75f032af3474f5b935767a3d0e27feb
spotify:track:3pS1o7AFco7QrjfkOHFYdI,c9020fb4892a4c77aaeded2efd21f9b4,2026-05-22T11:33:17Z,0,You're a millionaire?,c75f032af3474f5b935767a3d0e27feb
spotify:track:15znHkteSpb84tgFCKy31P,e4baba279a664e01b42eb740644f095c,2026-05-22T14:49:37Z,1,"Ah, the lady version of Northern Kings! They are all undoubtedly impressive in their own right, but they do rather stay in their own lane. If a single woman was doing all of this, now that would be mad impressive!",c75f032af3474f5b935767a3d0e27feb
spotify:track:06HNCfXJcMnKHmRrkue97s,e4baba279a664e01b42eb740644f095c,2026-05-22T14:49:37Z,1,"Yeah, Hansi is a pretty impressive vocalist. I must admit, I haven't really listened to much Blind Guardian, I mostly only know him from his Ayreon appearances.",c75f032af3474f5b935767a3d0e27feb
spotify:track:0lDpM5tkOggIIPSS7wdMNQ,e4baba279a664e01b42eb740644f095c,2026-05-22T14:49:37Z,3,"Yeah, can't fault your logic, there aren't many people around that could reliably perform this to this standard. A great choice.",c75f032af3474f5b935767a3d0e27feb
spotify:track:0lP4HYLmvowOKdsQ7CVkuq,e4baba279a664e01b42eb740644f095c,2026-05-22T14:49:37Z,0,"Absolutely a fun one to attempt to sing along to, but unfortunately not one of the more impressive on this list.",c75f032af3474f5b935767a3d0e27feb
spotify:track:2OtVlMgKCWgrIq05wyWzMQ,e4baba279a664e01b42eb740644f095c,2026-05-22T14:49:37Z,0,"I like it and it's a strong contender, but I ran out of points.",c75f032af3474f5b935767a3d0e27feb
spotify:track:2qDIMrFseJdxxQHFNQJlks,e4baba279a664e01b42eb740644f095c,2026-05-22T14:49:37Z,0,"I hate to do this, particularly as we'll both be hit by an accidental naughty step points tax, and I love the song, it is very pretty ... but I don't find these vocals especially impressive 😕",c75f032af3474f5b935767a3d0e27feb
spotify:track:3pS1o7AFco7QrjfkOHFYdI,e4baba279a664e01b42eb740644f095c,2026-05-22T14:49:37Z,0,"I am always a little impressed by anyone who can put this much distortion on their singing voice. But it doesn't stand up to others on this playlist, I'm afraid.",c75f032af3474f5b935767a3d0e27feb
spotify:track:4OeFQtRyT7vsLnRTv7t8YT,e4baba279a664e01b42eb740644f095c,2026-05-22T14:49:37Z,0,"To be honest, I don't know if the mix is doing her much justice.",c75f032af3474f5b935767a3d0e27feb
spotify:track:4RqW6FZXZLUrndtWNaMGAf,e4baba279a664e01b42eb740644f095c,2026-05-22T14:49:37Z,3,"Absolutely. There's a reason that Pavarotti is a name everyone knows, and this is most of it.",c75f032af3474f5b935767a3d0e27feb
spotify:track:5aYk12VRZLhhdEGNgYUIyz,e4baba279a664e01b42eb740644f095c,2026-05-22T14:49:37Z,0,"I did enjoy this and it's a fun concept (as someone who also just can't sing with any 'grit', I can empathise!), but I'm afraid it's not up there for this list.",c75f032af3474f5b935767a3d0e27feb
spotify:track:5dRQUolXAVX3BbCiIxmSsf,e4baba279a664e01b42eb740644f095c,2026-05-22T14:49:37Z,0,"I'm sure this is challenging for the average joe, but it's not up to snuff with others on this playlist, for me.",c75f032af3474f5b935767a3d0e27feb
spotify:track:5VlcX1KejMHE5fpYmsKtqW,e4baba279a664e01b42eb740644f095c,2026-05-22T14:49:37Z,0,"It was (almost) definitely me that submitted second and there was also definitely no warning, but I'll accept the naughty step tax if it should hit. Also, there's some real impressive stuff on this, so might not have managed many points anyway!",c75f032af3474f5b935767a3d0e27feb
spotify:track:70eDxAyAraNTiD6lx2ZEnH,e4baba279a664e01b42eb740644f095c,2026-05-22T14:49:37Z,0,"Don't get me wrong, I couldn't do this at all, and it is some great singing! But, this doesn't feel all that stand-out to me.",c75f032af3474f5b935767a3d0e27feb
spotify:track:7KKQJQuNd0uBPwREb3n6rf,e4baba279a664e01b42eb740644f095c,2026-05-22T14:49:37Z,2,I can barely read the lyrics at the speed he's saying them! This is pretty remarkable.,c75f032af3474f5b935767a3d0e27feb
spotify:track:0lDpM5tkOggIIPSS7wdMNQ,555c7be4f519498e97a6bf62888fb0df,2026-05-22T21:54:48Z,1,I really enjoyed the Nightwish version so you get a point,c75f032af3474f5b935767a3d0e27feb
spotify:track:15znHkteSpb84tgFCKy31P,555c7be4f519498e97a6bf62888fb0df,2026-05-22T21:54:48Z,3,"Wound up stood stock still in the middle of Aldi listening to this, blew me away like nowt else. Good on you.",c75f032af3474f5b935767a3d0e27feb
spotify:track:2OtVlMgKCWgrIq05wyWzMQ,555c7be4f519498e97a6bf62888fb0df,2026-05-22T21:54:48Z,1,"Nice choice,  yeah",c75f032af3474f5b935767a3d0e27feb
spotify:track:70eDxAyAraNTiD6lx2ZEnH,555c7be4f519498e97a6bf62888fb0df,2026-05-22T21:54:48Z,1,,c75f032af3474f5b935767a3d0e27feb
spotify:track:7KKQJQuNd0uBPwREb3n6rf,555c7be4f519498e97a6bf62888fb0df,2026-05-22T21:54:48Z,3,"Caught myself doing the “oh shit, okay!” face while listening to this one.",c75f032af3474f5b935767a3d0e27feb
spotify:track:06HNCfXJcMnKHmRrkue97s,555c7be4f519498e97a6bf62888fb0df,2026-05-22T21:54:48Z,1,,c75f032af3474f5b935767a3d0e27feb
spotify:track:06HNCfXJcMnKHmRrkue97s,93455c46f7d945a187150fc527630db4,2026-05-23T01:27:43Z,1,This was so much fun to listen to,c75f032af3474f5b935767a3d0e27feb
spotify:track:0lDpM5tkOggIIPSS7wdMNQ,93455c46f7d945a187150fc527630db4,2026-05-23T01:27:43Z,2,AAAAAAAAAA,c75f032af3474f5b935767a3d0e27feb
spotify:track:15znHkteSpb84tgFCKy31P,93455c46f7d945a187150fc527630db4,2026-05-23T01:27:43Z,1,This us a sick cover and while the vocals didn't blow my mind I'm glad to know this exists.,c75f032af3474f5b935767a3d0e27feb
spotify:track:2qDIMrFseJdxxQHFNQJlks,93455c46f7d945a187150fc527630db4,2026-05-23T01:27:43Z,0,I don't know that I'd call the vocals powerful. It's very pretty but my hair isn't blown back.,c75f032af3474f5b935767a3d0e27feb
spotify:track:3pS1o7AFco7QrjfkOHFYdI,93455c46f7d945a187150fc527630db4,2026-05-23T01:27:43Z,1,,c75f032af3474f5b935767a3d0e27feb
spotify:track:70eDxAyAraNTiD6lx2ZEnH,93455c46f7d945a187150fc527630db4,2026-05-23T01:27:43Z,0,Elle King is Rob Shnieder's daughter. I found this very strange to learn and now you must know it also.,c75f032af3474f5b935767a3d0e27feb
spotify:track:5VlcX1KejMHE5fpYmsKtqW,93455c46f7d945a187150fc527630db4,2026-05-23T01:27:43Z,2,Now this is what I'm talking about.,c75f032af3474f5b935767a3d0e27feb
spotify:track:5aYk12VRZLhhdEGNgYUIyz,93455c46f7d945a187150fc527630db4,2026-05-23T01:27:43Z,0,"I do love BDG, but the power isn't there for me on this one.",c75f032af3474f5b935767a3d0e27feb
spotify:track:4OeFQtRyT7vsLnRTv7t8YT,93455c46f7d945a187150fc527630db4,2026-05-23T01:27:43Z,1,I can't argue with it!,c75f032af3474f5b935767a3d0e27feb
spotify:track:4RqW6FZXZLUrndtWNaMGAf,93455c46f7d945a187150fc527630db4,2026-05-23T01:27:43Z,2,"I mean,",c75f032af3474f5b935767a3d0e27feb
spotify:track:70eDxAyAraNTiD6lx2ZEnH,5d67307c492249f2b00f7b3276919ef5,2026-05-23T01:30:22Z,1,,c75f032af3474f5b935767a3d0e27feb
spotify:track:06HNCfXJcMnKHmRrkue97s,5d67307c492249f2b00f7b3276919ef5,2026-05-23T01:30:22Z,1,,c75f032af3474f5b935767a3d0e27feb
spotify:track:0lP4HYLmvowOKdsQ7CVkuq,5d67307c492249f2b00f7b3276919ef5,2026-05-23T01:30:22Z,1,I'll admit I still sing along to this whenever I hear it. ,c75f032af3474f5b935767a3d0e27feb
spotify:track:15znHkteSpb84tgFCKy31P,5d67307c492249f2b00f7b3276919ef5,2026-05-23T01:30:22Z,2,,c75f032af3474f5b935767a3d0e27feb
spotify:track:2OtVlMgKCWgrIq05wyWzMQ,5d67307c492249f2b00f7b3276919ef5,2026-05-23T01:30:22Z,0,Idk this is edging pretty close to shouting. But it's Good Stuff! ,c75f032af3474f5b935767a3d0e27feb
spotify:track:3pS1o7AFco7QrjfkOHFYdI,5d67307c492249f2b00f7b3276919ef5,2026-05-23T01:30:22Z,1,,c75f032af3474f5b935767a3d0e27feb
spotify:track:4OeFQtRyT7vsLnRTv7t8YT,5d67307c492249f2b00f7b3276919ef5,2026-05-23T01:30:22Z,1,,c75f032af3474f5b935767a3d0e27feb
spotify:track:5aYk12VRZLhhdEGNgYUIyz,5d67307c492249f2b00f7b3276919ef5,2026-05-23T01:30:22Z,1,,c75f032af3474f5b935767a3d0e27feb
spotify:track:5dRQUolXAVX3BbCiIxmSsf,5d67307c492249f2b00f7b3276919ef5,2026-05-23T01:30:22Z,0,"Not a bad choice, but it's a tough round.",c75f032af3474f5b935767a3d0e27feb
spotify:track:5VlcX1KejMHE5fpYmsKtqW,5d67307c492249f2b00f7b3276919ef5,2026-05-23T01:30:22Z,1,,c75f032af3474f5b935767a3d0e27feb
spotify:track:7KKQJQuNd0uBPwREb3n6rf,5d67307c492249f2b00f7b3276919ef5,2026-05-23T01:30:22Z,1,,c75f032af3474f5b935767a3d0e27feb
spotify:track:15znHkteSpb84tgFCKy31P,d21152e7d3cd4a69b0951abdfe3e1480,2026-05-24T09:36:45Z,2,I like the idea of this band more than I like the execution. I refer you to Scores Unstitched trialling Opera without vibrato: https://youtu.be/PGzqVmdNJL0 ,c75f032af3474f5b935767a3d0e27feb
spotify:track:4RqW6FZXZLUrndtWNaMGAf,d21152e7d3cd4a69b0951abdfe3e1480,2026-05-24T09:36:45Z,3,"Fuck, this is a great pick",c75f032af3474f5b935767a3d0e27feb
spotify:track:06HNCfXJcMnKHmRrkue97s,d21152e7d3cd4a69b0951abdfe3e1480,2026-05-24T09:36:45Z,0,"Hansi, my beloved <3",c75f032af3474f5b935767a3d0e27feb
spotify:track:0lDpM5tkOggIIPSS7wdMNQ,d21152e7d3cd4a69b0951abdfe3e1480,2026-05-24T09:36:45Z,0,It's a shame that to get to that one specific note I have to listen to the rest of the song.,c75f032af3474f5b935767a3d0e27feb
spotify:track:0lP4HYLmvowOKdsQ7CVkuq,d21152e7d3cd4a69b0951abdfe3e1480,2026-05-24T09:36:45Z,1,,c75f032af3474f5b935767a3d0e27feb
spotify:track:4OeFQtRyT7vsLnRTv7t8YT,d21152e7d3cd4a69b0951abdfe3e1480,2026-05-24T09:36:45Z,1,,c75f032af3474f5b935767a3d0e27feb
spotify:track:5VlcX1KejMHE5fpYmsKtqW,d21152e7d3cd4a69b0951abdfe3e1480,2026-05-24T09:36:45Z,2,This was a wild listen,c75f032af3474f5b935767a3d0e27feb
spotify:track:5dRQUolXAVX3BbCiIxmSsf,d21152e7d3cd4a69b0951abdfe3e1480,2026-05-24T09:36:45Z,1,,c75f032af3474f5b935767a3d0e27feb
spotify:track:5aYk12VRZLhhdEGNgYUIyz,d21152e7d3cd4a69b0951abdfe3e1480,2026-05-24T09:36:45Z,0,"BDG is a great singer, he doesn’t need to do the husky voice thing",c75f032af3474f5b935767a3d0e27feb
spotify:track:70eDxAyAraNTiD6lx2ZEnH,f1c713e8e22f4674a449cc92e27d3930,2026-05-25T21:45:31Z,1,I just liked it!,c75f032af3474f5b935767a3d0e27feb
spotify:track:5VlcX1KejMHE5fpYmsKtqW,f1c713e8e22f4674a449cc92e27d3930,2026-05-25T21:45:31Z,1,Definitely preferred this to the other Devon track this round.,c75f032af3474f5b935767a3d0e27feb
spotify:track:4RqW6FZXZLUrndtWNaMGAf,f1c713e8e22f4674a449cc92e27d3930,2026-05-25T21:45:31Z,5,I mean...,c75f032af3474f5b935767a3d0e27feb
spotify:track:4OeFQtRyT7vsLnRTv7t8YT,f1c713e8e22f4674a449cc92e27d3930,2026-05-25T21:45:31Z,1,Ah go on then you cheeky so-and-so,c75f032af3474f5b935767a3d0e27feb
spotify:track:0lDpM5tkOggIIPSS7wdMNQ,f1c713e8e22f4674a449cc92e27d3930,2026-05-25T21:45:31Z,2,"I've never heard that fact before, thanks",c75f032af3474f5b935767a3d0e27feb
spotify:track:011wllO5TJ1MWEl5gtrsQ9,c9020fb4892a4c77aaeded2efd21f9b4,2026-05-29T07:59:53Z,2,Oh hell yes!,178403c33cd9416cb844b5b49e9bcbe9
spotify:track:0uYv1tNoIHUt6XPjLME4cA,c9020fb4892a4c77aaeded2efd21f9b4,2026-05-29T07:59:53Z,1,And it will always be an excellent choice,178403c33cd9416cb844b5b49e9bcbe9
spotify:track:2pBgJhi8ITL1L60jU68oIh,c9020fb4892a4c77aaeded2efd21f9b4,2026-05-29T07:59:53Z,1,,178403c33cd9416cb844b5b49e9bcbe9
spotify:track:3xzKMfkA3UulKBX6SUHdWJ,c9020fb4892a4c77aaeded2efd21f9b4,2026-05-29T07:59:53Z,1,,178403c33cd9416cb844b5b49e9bcbe9
spotify:track:3yBr5dRJAbjppfxZg3OUWZ,c9020fb4892a4c77aaeded2efd21f9b4,2026-05-29T07:59:53Z,1,,178403c33cd9416cb844b5b49e9bcbe9
spotify:track:5WpfJrnqAtUqoGIRjJ8e7l,c9020fb4892a4c77aaeded2efd21f9b4,2026-05-29T07:59:53Z,1,"I love how the metal bits might as well be any kinda generic metal outfit, but when it pulls out to just some acoustic guitar it's instantly super specific.",178403c33cd9416cb844b5b49e9bcbe9
spotify:track:6E4ZPXz34YTAObmBrqquGo,c9020fb4892a4c77aaeded2efd21f9b4,2026-05-29T07:59:53Z,0,Honestly I've been to work meetings that sound like this,178403c33cd9416cb844b5b49e9bcbe9
spotify:track:7GBP9vqKB9o9wcQrkblICD,c9020fb4892a4c77aaeded2efd21f9b4,2026-05-29T07:59:53Z,2,"On one hand I feel like this is kinda the ""Hurt"" or the ""Bohemian Rhapsody"" of this round, where like yeah, of course this is an absolutely astounding track but it's also a little obvious? But I may be the minority. I wish the Advent Children one was more widely used, but this is still pretty damn great.",178403c33cd9416cb844b5b49e9bcbe9
spotify:track:7rU6Iebxzlvqy5t857bKFq,c9020fb4892a4c77aaeded2efd21f9b4,2026-05-29T07:59:53Z,1,Well that's me headed down another Spotify rabbit hole listening to all her stuff.,178403c33cd9416cb844b5b49e9bcbe9
spotify:track:0uYv1tNoIHUt6XPjLME4cA,b2fd357c852d458f8ea4fa557c68b37f,2026-05-29T08:18:22Z,1,,178403c33cd9416cb844b5b49e9bcbe9
spotify:track:2FGJsygiQplOyghzm99BWZ,b2fd357c852d458f8ea4fa557c68b37f,2026-05-29T08:18:22Z,2,"I enjoy these lads vocals a lot, their famous Death Note Intro is my favourite example of Japanese that just sounds like someone speaking nonsense in English. This track is more tk my current musical tastes, been meaning to check out more of their stuff anyways so good kick up the arse.",178403c33cd9416cb844b5b49e9bcbe9
spotify:track:2pBgJhi8ITL1L60jU68oIh,b2fd357c852d458f8ea4fa557c68b37f,2026-05-29T08:18:22Z,1,,178403c33cd9416cb844b5b49e9bcbe9
spotify:track:3xzKMfkA3UulKBX6SUHdWJ,b2fd357c852d458f8ea4fa557c68b37f,2026-05-29T08:18:22Z,1,I think this is a background track from Symphony of the Night,178403c33cd9416cb844b5b49e9bcbe9
spotify:track:3yBr5dRJAbjppfxZg3OUWZ,b2fd357c852d458f8ea4fa557c68b37f,2026-05-29T08:18:22Z,1,,178403c33cd9416cb844b5b49e9bcbe9
spotify:track:5uA68icPT6TbupTa020R5m,b2fd357c852d458f8ea4fa557c68b37f,2026-05-29T08:18:22Z,2,"Joyful energy, impossible not to move your body while listening.",178403c33cd9416cb844b5b49e9bcbe9
spotify:track:6E4ZPXz34YTAObmBrqquGo,b2fd357c852d458f8ea4fa557c68b37f,2026-05-29T08:18:22Z,1,"One of the only other songs I thought of submitting, a classic  of my native tongue: nonsense.",178403c33cd9416cb844b5b49e9bcbe9
spotify:track:7GBP9vqKB9o9wcQrkblICD,b2fd357c852d458f8ea4fa557c68b37f,2026-05-29T08:18:22Z,0,This has ended up being so hilariously out of place that I am retroactively even happier about the submission regardless of it's success.,178403c33cd9416cb844b5b49e9bcbe9
spotify:track:7rU6Iebxzlvqy5t857bKFq,b2fd357c852d458f8ea4fa557c68b37f,2026-05-29T08:18:22Z,1,,178403c33cd9416cb844b5b49e9bcbe9
spotify:track:011wllO5TJ1MWEl5gtrsQ9,1af891d6b3bf4540a518ddd5b310e3b9,2026-05-29T09:48:38Z,3,Love Eluveitie. Love this track. Love it not in English.,178403c33cd9416cb844b5b49e9bcbe9
spotify:track:0uYv1tNoIHUt6XPjLME4cA,1af891d6b3bf4540a518ddd5b310e3b9,2026-05-29T09:48:38Z,0,Total anvil. ,178403c33cd9416cb844b5b49e9bcbe9
spotify:track:1gPJ3F2p8rwhlzr1AF58W7,1af891d6b3bf4540a518ddd5b310e3b9,2026-05-29T09:48:38Z,1,Some good sounds here.,178403c33cd9416cb844b5b49e9bcbe9
spotify:track:2FGJsygiQplOyghzm99BWZ,1af891d6b3bf4540a518ddd5b310e3b9,2026-05-29T09:48:38Z,1,,178403c33cd9416cb844b5b49e9bcbe9
spotify:track:2pBgJhi8ITL1L60jU68oIh,1af891d6b3bf4540a518ddd5b310e3b9,2026-05-29T09:48:38Z,0,Sorry I had to spend my points elsewhere. ,178403c33cd9416cb844b5b49e9bcbe9
spotify:track:3xzKMfkA3UulKBX6SUHdWJ,1af891d6b3bf4540a518ddd5b310e3b9,2026-05-29T09:48:38Z,0,I need to listen to more Serbian new-wave!,178403c33cd9416cb844b5b49e9bcbe9
spotify:track:3yBr5dRJAbjppfxZg3OUWZ,1af891d6b3bf4540a518ddd5b310e3b9,2026-05-29T09:48:38Z,1,"They're good stuff. Was supposed to see them supporting Sabaton in London but they got swapped for some reason, gutting.",178403c33cd9416cb844b5b49e9bcbe9
spotify:track:5uA68icPT6TbupTa020R5m,1af891d6b3bf4540a518ddd5b310e3b9,2026-05-29T09:48:38Z,1,,178403c33cd9416cb844b5b49e9bcbe9
spotify:track:5WpfJrnqAtUqoGIRjJ8e7l,1af891d6b3bf4540a518ddd5b310e3b9,2026-05-29T09:48:38Z,1,Another stank face from this playlist.,178403c33cd9416cb844b5b49e9bcbe9
spotify:track:7rU6Iebxzlvqy5t857bKFq,1af891d6b3bf4540a518ddd5b310e3b9,2026-05-29T09:48:38Z,2,You've found me at a very Forza Horizon 6 time of my life. This is perfect to drive an MX-5 around Japan.,178403c33cd9416cb844b5b49e9bcbe9
spotify:track:011wllO5TJ1MWEl5gtrsQ9,b49a4cb5ad234418b3ff4bdfd2ab321f,2026-05-29T10:04:04Z,1,Will always give a thumbs-up to something folky.,178403c33cd9416cb844b5b49e9bcbe9
spotify:track:1gPJ3F2p8rwhlzr1AF58W7,b49a4cb5ad234418b3ff4bdfd2ab321f,2026-05-29T10:04:04Z,1,"The Man From Del Monte, he say yes.",178403c33cd9416cb844b5b49e9bcbe9
spotify:track:2pBgJhi8ITL1L60jU68oIh,b49a4cb5ad234418b3ff4bdfd2ab321f,2026-05-29T10:04:04Z,1,Fun and funky. Gets a point from me.,178403c33cd9416cb844b5b49e9bcbe9
spotify:track:3yBr5dRJAbjppfxZg3OUWZ,b49a4cb5ad234418b3ff4bdfd2ab321f,2026-05-29T10:04:04Z,2,"Fuck me, that's a groove. Like a Mongolian ZZ Top.",178403c33cd9416cb844b5b49e9bcbe9
spotify:track:4sabJ9vyzJr4pQoc4Z6o8E,b49a4cb5ad234418b3ff4bdfd2ab321f,2026-05-29T10:04:04Z,1,DAF are legends. Great pick.,178403c33cd9416cb844b5b49e9bcbe9
spotify:track:5uA68icPT6TbupTa020R5m,b49a4cb5ad234418b3ff4bdfd2ab321f,2026-05-29T10:04:04Z,1,,178403c33cd9416cb844b5b49e9bcbe9
spotify:track:6E4ZPXz34YTAObmBrqquGo,b49a4cb5ad234418b3ff4bdfd2ab321f,2026-05-29T10:04:04Z,2,"Only heard/saw a video of this for the first time a couple of months ago, and it's bonkers in a good way. I wonder how a modern interpretation would sound?",178403c33cd9416cb844b5b49e9bcbe9
spotify:track:7GBP9vqKB9o9wcQrkblICD,b49a4cb5ad234418b3ff4bdfd2ab321f,2026-05-29T10:04:04Z,0,"In a round of tough choices, I had to not give this the point because I still prefer the Playstation original over the fully-orchestrated versions that came afterwards. I just can't help but admire the ambition of pulling it off with a limited soundset.",178403c33cd9416cb844b5b49e9bcbe9
spotify:track:7rU6Iebxzlvqy5t857bKFq,b49a4cb5ad234418b3ff4bdfd2ab321f,2026-05-29T10:04:04Z,1,The quintessential City Pop song. ,178403c33cd9416cb844b5b49e9bcbe9
spotify:track:011wllO5TJ1MWEl5gtrsQ9,026acc5a18a94f2bb1097778a32a4dae,2026-05-29T10:09:05Z,1,,178403c33cd9416cb844b5b49e9bcbe9
spotify:track:1gPJ3F2p8rwhlzr1AF58W7,026acc5a18a94f2bb1097778a32a4dae,2026-05-29T10:09:05Z,3,"Hiya Banana Log.

This definitely made me think of fruit as well.",178403c33cd9416cb844b5b49e9bcbe9
spotify:track:2pBgJhi8ITL1L60jU68oIh,026acc5a18a94f2bb1097778a32a4dae,2026-05-29T10:09:05Z,1,,178403c33cd9416cb844b5b49e9bcbe9
spotify:track:3xzKMfkA3UulKBX6SUHdWJ,026acc5a18a94f2bb1097778a32a4dae,2026-05-29T10:09:05Z,1,,178403c33cd9416cb844b5b49e9bcbe9
spotify:track:3yBr5dRJAbjppfxZg3OUWZ,026acc5a18a94f2bb1097778a32a4dae,2026-05-29T10:09:05Z,1,,178403c33cd9416cb844b5b49e9bcbe9
spotify:track:5uA68icPT6TbupTa020R5m,026acc5a18a94f2bb1097778a32a4dae,2026-05-29T10:09:05Z,1,,178403c33cd9416cb844b5b49e9bcbe9
spotify:track:7GBP9vqKB9o9wcQrkblICD,026acc5a18a94f2bb1097778a32a4dae,2026-05-29T10:09:05Z,1,,178403c33cd9416cb844b5b49e9bcbe9
spotify:track:7rU6Iebxzlvqy5t857bKFq,026acc5a18a94f2bb1097778a32a4dae,2026-05-29T10:09:05Z,1,,178403c33cd9416cb844b5b49e9bcbe9
spotify:track:2FGJsygiQplOyghzm99BWZ,ec6e845efede4f3abfce9ac2b3254ff7,2026-05-29T13:11:07Z,1,That was wild,178403c33cd9416cb844b5b49e9bcbe9
spotify:track:2pBgJhi8ITL1L60jU68oIh,ec6e845efede4f3abfce9ac2b3254ff7,2026-05-29T13:11:07Z,2,Big fan of this!,178403c33cd9416cb844b5b49e9bcbe9
spotify:track:3yBr5dRJAbjppfxZg3OUWZ,ec6e845efede4f3abfce9ac2b3254ff7,2026-05-29T13:11:07Z,1,"Correct, super compelling!",178403c33cd9416cb844b5b49e9bcbe9
spotify:track:4sabJ9vyzJr4pQoc4Z6o8E,ec6e845efede4f3abfce9ac2b3254ff7,2026-05-29T13:11:07Z,1,,178403c33cd9416cb844b5b49e9bcbe9
spotify:track:5uA68icPT6TbupTa020R5m,ec6e845efede4f3abfce9ac2b3254ff7,2026-05-29T13:11:07Z,1,,178403c33cd9416cb844b5b49e9bcbe9
spotify:track:5WpfJrnqAtUqoGIRjJ8e7l,ec6e845efede4f3abfce9ac2b3254ff7,2026-05-29T13:11:07Z,1,Very unexpected and enjoyable ,178403c33cd9416cb844b5b49e9bcbe9
spotify:track:6E4ZPXz34YTAObmBrqquGo,ec6e845efede4f3abfce9ac2b3254ff7,2026-05-29T13:11:07Z,1,Very pleased this showed up,178403c33cd9416cb844b5b49e9bcbe9
spotify:track:7rU6Iebxzlvqy5t857bKFq,ec6e845efede4f3abfce9ac2b3254ff7,2026-05-29T13:11:07Z,2,Ah this is a gorgeous tune,178403c33cd9416cb844b5b49e9bcbe9
spotify:track:011wllO5TJ1MWEl5gtrsQ9,555c7be4f519498e97a6bf62888fb0df,2026-05-30T16:11:24Z,3,"Eluveitie have been one of my favourite bands for a very long time, I got to see them live for the first time at bloodstock pre Covid and they were everything I’d hoped!",178403c33cd9416cb844b5b49e9bcbe9
spotify:track:0uYv1tNoIHUt6XPjLME4cA,555c7be4f519498e97a6bf62888fb0df,2026-05-30T16:11:24Z,2,I love Mokoma!,178403c33cd9416cb844b5b49e9bcbe9
spotify:track:2pBgJhi8ITL1L60jU68oIh,555c7be4f519498e97a6bf62888fb0df,2026-05-30T16:11:24Z,1,,178403c33cd9416cb844b5b49e9bcbe9
spotify:track:5WpfJrnqAtUqoGIRjJ8e7l,555c7be4f519498e97a6bf62888fb0df,2026-05-30T16:11:24Z,2,,178403c33cd9416cb844b5b49e9bcbe9
spotify:track:6E4ZPXz34YTAObmBrqquGo,555c7be4f519498e97a6bf62888fb0df,2026-05-30T16:11:24Z,2,I often do the tongue flutter thing as a vocal stim - PrererrrrrrrrrrRRrrR,178403c33cd9416cb844b5b49e9bcbe9
spotify:track:011wllO5TJ1MWEl5gtrsQ9,f1c713e8e22f4674a449cc92e27d3930,2026-05-30T21:06:52Z,2,Nearly had this one in (English version) for Bangin' Vocals. Cracker pick.,178403c33cd9416cb844b5b49e9bcbe9
spotify:track:2pBgJhi8ITL1L60jU68oIh,f1c713e8e22f4674a449cc92e27d3930,2026-05-30T21:06:52Z,1,C,178403c33cd9416cb844b5b49e9bcbe9
spotify:track:5uA68icPT6TbupTa020R5m,f1c713e8e22f4674a449cc92e27d3930,2026-05-30T21:06:52Z,3,"Absolutely love a bit of trad, but Québécois trad... iontach bien!",178403c33cd9416cb844b5b49e9bcbe9
spotify:track:5WpfJrnqAtUqoGIRjJ8e7l,f1c713e8e22f4674a449cc92e27d3930,2026-05-30T21:06:52Z,1,"The guitar in the middle made me think ¡ay ay ay, el doom slayer!",178403c33cd9416cb844b5b49e9bcbe9
spotify:track:6E4ZPXz34YTAObmBrqquGo,f1c713e8e22f4674a449cc92e27d3930,2026-05-30T21:06:52Z,1,Is it a language though?,178403c33cd9416cb844b5b49e9bcbe9
spotify:track:7rU6Iebxzlvqy5t857bKFq,f1c713e8e22f4674a449cc92e27d3930,2026-05-30T21:06:52Z,2,It's a classic for a reason.,178403c33cd9416cb844b5b49e9bcbe9
spotify:track:011wllO5TJ1MWEl5gtrsQ9,5d67307c492249f2b00f7b3276919ef5,2026-05-31T17:02:13Z,2,,178403c33cd9416cb844b5b49e9bcbe9
spotify:track:2FGJsygiQplOyghzm99BWZ,5d67307c492249f2b00f7b3276919ef5,2026-05-31T17:02:13Z,1,,178403c33cd9416cb844b5b49e9bcbe9
spotify:track:3xzKMfkA3UulKBX6SUHdWJ,5d67307c492249f2b00f7b3276919ef5,2026-05-31T17:02:13Z,2,,178403c33cd9416cb844b5b49e9bcbe9
spotify:track:3yBr5dRJAbjppfxZg3OUWZ,5d67307c492249f2b00f7b3276919ef5,2026-05-31T17:02:13Z,1,,178403c33cd9416cb844b5b49e9bcbe9
spotify:track:5uA68icPT6TbupTa020R5m,5d67307c492249f2b00f7b3276919ef5,2026-05-31T17:02:13Z,1,,178403c33cd9416cb844b5b49e9bcbe9
spotify:track:6E4ZPXz34YTAObmBrqquGo,5d67307c492249f2b00f7b3276919ef5,2026-05-31T17:02:13Z,1,Classic,178403c33cd9416cb844b5b49e9bcbe9
spotify:track:7rU6Iebxzlvqy5t857bKFq,5d67307c492249f2b00f7b3276919ef5,2026-05-31T17:02:13Z,2,,178403c33cd9416cb844b5b49e9bcbe9
spotify:track:011wllO5TJ1MWEl5gtrsQ9,93455c46f7d945a187150fc527630db4,2026-05-31T17:09:54Z,2,"I added this to a playlist, it's very good",178403c33cd9416cb844b5b49e9bcbe9
spotify:track:1gPJ3F2p8rwhlzr1AF58W7,93455c46f7d945a187150fc527630db4,2026-05-31T17:09:54Z,1,,178403c33cd9416cb844b5b49e9bcbe9
spotify:track:2pBgJhi8ITL1L60jU68oIh,93455c46f7d945a187150fc527630db4,2026-05-31T17:09:54Z,2,Groovy,178403c33cd9416cb844b5b49e9bcbe9
spotify:track:3xzKMfkA3UulKBX6SUHdWJ,93455c46f7d945a187150fc527630db4,2026-05-31T17:09:54Z,1,"It's a fun listen, if a bit trancey fory personal taste.",178403c33cd9416cb844b5b49e9bcbe9
spotify:track:3yBr5dRJAbjppfxZg3OUWZ,93455c46f7d945a187150fc527630db4,2026-05-31T17:09:54Z,1,,178403c33cd9416cb844b5b49e9bcbe9
spotify:track:5uA68icPT6TbupTa020R5m,93455c46f7d945a187150fc527630db4,2026-05-31T17:09:54Z,2,This is so fun!,178403c33cd9416cb844b5b49e9bcbe9
spotify:track:6E4ZPXz34YTAObmBrqquGo,93455c46f7d945a187150fc527630db4,2026-05-31T17:09:54Z,1,A true classic.,178403c33cd9416cb844b5b49e9bcbe9
spotify:track:011wllO5TJ1MWEl5gtrsQ9,e4baba279a664e01b42eb740644f095c,2026-06-01T08:47:01Z,0,A little harder to belt out when you only know the English lyrics and not reliably enough!,178403c33cd9416cb844b5b49e9bcbe9
spotify:track:0uYv1tNoIHUt6XPjLME4cA,e4baba279a664e01b42eb740644f095c,2026-06-01T08:47:01Z,2,"This could have been anywhere in a broad range tolerance for me, but this landed in a good realm of metal!
I had a couple of Marko Hietala stuff on my shortlist for this, as he released his solo album in both English and Finnish.",178403c33cd9416cb844b5b49e9bcbe9
spotify:track:1gPJ3F2p8rwhlzr1AF58W7,e4baba279a664e01b42eb740644f095c,2026-06-01T08:47:01Z,1,"Another one not in my usual wheelhouse that I got on with rather well.
Also ... ""Hi my name is Ben and I like DnB""?",178403c33cd9416cb844b5b49e9bcbe9
spotify:track:2FGJsygiQplOyghzm99BWZ,e4baba279a664e01b42eb740644f095c,2026-06-01T08:47:01Z,0,"On paper I should like this more than I do. The pop-punk style chorus was a little bit of a turn off anyway, but the more metal parts I'm just not sure I get on with the vocalists tone, it's a little too piercing.",178403c33cd9416cb844b5b49e9bcbe9
spotify:track:2pBgJhi8ITL1L60jU68oIh,e4baba279a664e01b42eb740644f095c,2026-06-01T08:47:01Z,0,"This absolutely sounds like something Joe would consider for a parody song. Maybe it's the Latin flair... 
I got on with this, but it is just missing out on points I'm afraid.",178403c33cd9416cb844b5b49e9bcbe9
spotify:track:3xzKMfkA3UulKBX6SUHdWJ,e4baba279a664e01b42eb740644f095c,2026-06-01T08:47:01Z,0,"There's some good stuff here, but overall it just feels a little thin for me. Wouldn't turn it off, but also probably wouldn't choose it.",178403c33cd9416cb844b5b49e9bcbe9
spotify:track:3yBr5dRJAbjppfxZg3OUWZ,e4baba279a664e01b42eb740644f095c,2026-06-01T08:47:01Z,2,"Oh yes, The HU! Great shout, didn't even occur to me. ",178403c33cd9416cb844b5b49e9bcbe9
spotify:track:4sabJ9vyzJr4pQoc4Z6o8E,e4baba279a664e01b42eb740644f095c,2026-06-01T08:47:01Z,0,This one didn't grab me. The opening bars had promise. Then the vocals come in feeling a little flat. And then it doesn't really evolve from there. ,178403c33cd9416cb844b5b49e9bcbe9
spotify:track:5uA68icPT6TbupTa020R5m,e4baba279a664e01b42eb740644f095c,2026-06-01T08:47:01Z,1,"I enjoyed this! Slightly odd hearing what I think of as an Irish reel in French, but it's good fun!",178403c33cd9416cb844b5b49e9bcbe9
spotify:track:5WpfJrnqAtUqoGIRjJ8e7l,e4baba279a664e01b42eb740644f095c,2026-06-01T08:47:01Z,3,"Possibly because I'm a little de-sensitised, but how heavy this is really snuck up on me; I think an element of the vocal style and the Latin themes hid it from me!
This is great stuff, though. Slightly reminiscent of Ill Niño to me, although that band is more Nu-Metal where this is more Metalcore.",178403c33cd9416cb844b5b49e9bcbe9
spotify:track:6E4ZPXz34YTAObmBrqquGo,e4baba279a664e01b42eb740644f095c,2026-06-01T08:47:01Z,1,"A point for the concept; it is a little unsettling how you can almost piece together something out of the gibberish at times. However, the song itself is a little bland for me.",178403c33cd9416cb844b5b49e9bcbe9
spotify:track:7GBP9vqKB9o9wcQrkblICD,e4baba279a664e01b42eb740644f095c,2026-06-01T08:47:01Z,0,"This is so film score coded that the Latin chant does feel a little like it takes a back seat. Also, as much as I am often fond of listening to game and film scores, I found this a little too intense for the casual listening I was doing. Maybe on another day this would have scored.",178403c33cd9416cb844b5b49e9bcbe9
spotify:track:7rU6Iebxzlvqy5t857bKFq,e4baba279a664e01b42eb740644f095c,2026-06-01T08:47:01Z,0,"Another one missing out on points by a fairly slight margin, apologies!",178403c33cd9416cb844b5b49e9bcbe9
spotify:track:011wllO5TJ1MWEl5gtrsQ9,d21152e7d3cd4a69b0951abdfe3e1480,2026-06-01T16:00:29Z,2,"Stank face.

I probably would have gone for Slania's Song, since it was in Gaulish.

(Gaulish? He's blooming livid etc)",178403c33cd9416cb844b5b49e9bcbe9
spotify:track:0uYv1tNoIHUt6XPjLME4cA,d21152e7d3cd4a69b0951abdfe3e1480,2026-06-01T16:00:29Z,2,This feels like an anime intro song. ,178403c33cd9416cb844b5b49e9bcbe9
spotify:track:1gPJ3F2p8rwhlzr1AF58W7,d21152e7d3cd4a69b0951abdfe3e1480,2026-06-01T16:00:29Z,0,Wish I could like DnB. ,178403c33cd9416cb844b5b49e9bcbe9
spotify:track:2FGJsygiQplOyghzm99BWZ,d21152e7d3cd4a69b0951abdfe3e1480,2026-06-01T16:00:29Z,2,"We have Prisencolinensinainciusol in the list already, we don't need another one. What's that? This is a different song? Huh.",178403c33cd9416cb844b5b49e9bcbe9
spotify:track:3xzKMfkA3UulKBX6SUHdWJ,d21152e7d3cd4a69b0951abdfe3e1480,2026-06-01T16:00:29Z,0,"What the hell is this, the production is so weird.",178403c33cd9416cb844b5b49e9bcbe9
spotify:track:3yBr5dRJAbjppfxZg3OUWZ,d21152e7d3cd4a69b0951abdfe3e1480,2026-06-01T16:00:29Z,1,This doesn't feel anywhere near as metal as the other stuff that I know The HU to have made.,178403c33cd9416cb844b5b49e9bcbe9
spotify:track:5uA68icPT6TbupTa020R5m,d21152e7d3cd4a69b0951abdfe3e1480,2026-06-01T16:00:29Z,0,*random mumbling* jollimannnnnnnnn,178403c33cd9416cb844b5b49e9bcbe9
spotify:track:6E4ZPXz34YTAObmBrqquGo,d21152e7d3cd4a69b0951abdfe3e1480,2026-06-01T16:00:29Z,0,This isn't in a language because it's intentionally made up gibberish so I therefore think this doesn't deserve points.,178403c33cd9416cb844b5b49e9bcbe9
spotify:track:7GBP9vqKB9o9wcQrkblICD,d21152e7d3cd4a69b0951abdfe3e1480,2026-06-01T16:00:29Z,1,,178403c33cd9416cb844b5b49e9bcbe9
spotify:track:7rU6Iebxzlvqy5t857bKFq,d21152e7d3cd4a69b0951abdfe3e1480,2026-06-01T16:00:29Z,2,"I don't know why this slaps, but it seems to slap.

Unfortunately I had to take points away from it because the outro was in English.",178403c33cd9416cb844b5b49e9bcbe9
spotify:track:011wllO5TJ1MWEl5gtrsQ9,6495e706501d405b96d5a435a5903ca7,2026-06-01T20:28:04Z,1,Enjoyed this!,178403c33cd9416cb844b5b49e9bcbe9
spotify:track:0uYv1tNoIHUt6XPjLME4cA,6495e706501d405b96d5a435a5903ca7,2026-06-01T20:28:04Z,0,Would have given points but so many submissions this round! ,178403c33cd9416cb844b5b49e9bcbe9
spotify:track:1gPJ3F2p8rwhlzr1AF58W7,6495e706501d405b96d5a435a5903ca7,2026-06-01T20:28:04Z,1,"Not my usual vibe, but this is a nice toe dip into the pineapple juice. ",178403c33cd9416cb844b5b49e9bcbe9
spotify:track:2FGJsygiQplOyghzm99BWZ,6495e706501d405b96d5a435a5903ca7,2026-06-01T20:28:04Z,1,I have been catapulted back to 2010 and watching DeathNote. I forgot how shouty this band is. ,178403c33cd9416cb844b5b49e9bcbe9
spotify:track:2pBgJhi8ITL1L60jU68oIh,6495e706501d405b96d5a435a5903ca7,2026-06-01T20:28:04Z,2,Very much enjoyed this,178403c33cd9416cb844b5b49e9bcbe9
spotify:track:3xzKMfkA3UulKBX6SUHdWJ,6495e706501d405b96d5a435a5903ca7,2026-06-01T20:28:04Z,0,"Wanted to enjoy this, but I somehow feel more stressed after listening to this? I dont know how?!",178403c33cd9416cb844b5b49e9bcbe9
spotify:track:3yBr5dRJAbjppfxZg3OUWZ,6495e706501d405b96d5a435a5903ca7,2026-06-01T20:28:04Z,1,These boys have been popping up on my insta reels. Enjoyed this,178403c33cd9416cb844b5b49e9bcbe9
spotify:track:5uA68icPT6TbupTa020R5m,6495e706501d405b96d5a435a5903ca7,2026-06-01T20:28:04Z,1,"I dont think this needs translating, and that's ok x",178403c33cd9416cb844b5b49e9bcbe9
spotify:track:5WpfJrnqAtUqoGIRjJ8e7l,6495e706501d405b96d5a435a5903ca7,2026-06-01T20:28:04Z,0,"Hey, I said Andalucia despite the artists being Mexican as I don't have money for Mexico 😛 My Spanish holiday was the closest I could get!",178403c33cd9416cb844b5b49e9bcbe9
spotify:track:6E4ZPXz34YTAObmBrqquGo,6495e706501d405b96d5a435a5903ca7,2026-06-01T20:28:04Z,1,It feels like my brain has an itch I can't scratch - I enjoy it but my goodness it winds me up too x,178403c33cd9416cb844b5b49e9bcbe9
spotify:track:7GBP9vqKB9o9wcQrkblICD,6495e706501d405b96d5a435a5903ca7,2026-06-01T20:28:04Z,0,"Good song, but I am unsettled by the sense of dread. Ooh look a giant sword.",178403c33cd9416cb844b5b49e9bcbe9
spotify:track:7rU6Iebxzlvqy5t857bKFq,6495e706501d405b96d5a435a5903ca7,2026-06-01T20:28:04Z,2,I love City Pop as a genre. This song is so chill ,178403c33cd9416cb844b5b49e9bcbe9
spotify:track:0H52iIUgADZnStfXURJq3Z,1af891d6b3bf4540a518ddd5b310e3b9,2026-06-05T07:44:47Z,2,,01210a35cde946dbb19d24854ddd625b
spotify:track:11sLmNME1fyUBwRlqhyuGN,1af891d6b3bf4540a518ddd5b310e3b9,2026-06-05T07:44:47Z,3,,01210a35cde946dbb19d24854ddd625b
spotify:track:1J03Vp93ybKIxfzYI4YJtL,1af891d6b3bf4540a518ddd5b310e3b9,2026-06-05T07:44:47Z,1,,01210a35cde946dbb19d24854ddd625b
spotify:track:2dFjsxfjZp8oiyiGXMlx21,1af891d6b3bf4540a518ddd5b310e3b9,2026-06-05T07:44:47Z,1,,01210a35cde946dbb19d24854ddd625b
spotify:track:470laXjP3jhZKigxOU4yvF,1af891d6b3bf4540a518ddd5b310e3b9,2026-06-05T07:44:47Z,1,,01210a35cde946dbb19d24854ddd625b
spotify:track:6vN9o849XOpOKbygIid6ck,1af891d6b3bf4540a518ddd5b310e3b9,2026-06-05T07:44:47Z,1,,01210a35cde946dbb19d24854ddd625b
spotify:track:7y1FVMJTDOJf61zcqaPAAU,1af891d6b3bf4540a518ddd5b310e3b9,2026-06-05T07:44:47Z,1,,01210a35cde946dbb19d24854ddd625b
spotify:track:0H52iIUgADZnStfXURJq3Z,ec6e845efede4f3abfce9ac2b3254ff7,2026-06-05T08:26:33Z,2,Love the idea! ,01210a35cde946dbb19d24854ddd625b
spotify:track:1J03Vp93ybKIxfzYI4YJtL,ec6e845efede4f3abfce9ac2b3254ff7,2026-06-05T08:26:33Z,1,,01210a35cde946dbb19d24854ddd625b
spotify:track:2dFjsxfjZp8oiyiGXMlx21,ec6e845efede4f3abfce9ac2b3254ff7,2026-06-05T08:26:33Z,3,This is brilliant,01210a35cde946dbb19d24854ddd625b
spotify:track:3o015R5G0Td1K5lzVWtg0B,ec6e845efede4f3abfce9ac2b3254ff7,2026-06-05T08:26:33Z,3,Yeah this is a banging choice!,01210a35cde946dbb19d24854ddd625b
spotify:track:5eFxwmqKrHpSQDOEIFYlgY,ec6e845efede4f3abfce9ac2b3254ff7,2026-06-05T08:26:33Z,1,,01210a35cde946dbb19d24854ddd625b
spotify:track:11sLmNME1fyUBwRlqhyuGN,b49a4cb5ad234418b3ff4bdfd2ab321f,2026-06-05T09:15:15Z,3,"I can hear the crowd chanting: ""BEN! BEN! BEN! BEN!"" as you challenge MJF for the World Title.",01210a35cde946dbb19d24854ddd625b
spotify:track:1J03Vp93ybKIxfzYI4YJtL,b49a4cb5ad234418b3ff4bdfd2ab321f,2026-06-05T09:15:15Z,1,"I think Kenny Omega used this once, which proves it works. You'll use it as a tribute in the indies, but dare not use it once you make it to TNA/Impact for fear of Kenny suing you for gimmick infringement.",01210a35cde946dbb19d24854ddd625b
spotify:track:2dFjsxfjZp8oiyiGXMlx21,b49a4cb5ad234418b3ff4bdfd2ab321f,2026-06-05T09:15:15Z,1,"This is cheating, but it made me genuinely laugh. However, I think you're limited to the Indies. Enjoy being champion of Pro-Wrestling Super Buster Championship Margate.",01210a35cde946dbb19d24854ddd625b
spotify:track:3o015R5G0Td1K5lzVWtg0B,b49a4cb5ad234418b3ff4bdfd2ab321f,2026-06-05T09:15:15Z,0,"A lot of build up here but it doesn't pay off with anything big. They're going to hype you up in the Super Juniors, but you'll fizzle out within a year in NJPW proper.",01210a35cde946dbb19d24854ddd625b
spotify:track:470laXjP3jhZKigxOU4yvF,b49a4cb5ad234418b3ff4bdfd2ab321f,2026-06-05T09:15:15Z,1,"Be like Rusev/Miro and come out in a tank you've just had sex with your hot wife in. You might never be top dog, but you'll always have a story for your ghost-written autobiography.",01210a35cde946dbb19d24854ddd625b
spotify:track:5eFxwmqKrHpSQDOEIFYlgY,b49a4cb5ad234418b3ff4bdfd2ab321f,2026-06-05T09:15:15Z,2,Absolutely leather-waistcoat strollin' music. You're the next in line to challenge Ben after he defeats MJF for the title in AEW.,01210a35cde946dbb19d24854ddd625b
spotify:track:5K43AHQPTJTqlyRZ3uBGKz,b49a4cb5ad234418b3ff4bdfd2ab321f,2026-06-05T09:15:15Z,1,"You would absolutely be in a 'tweener faction like the Bang Bang Gang. Might not get the World Championship, but you're guaranteed a run at the IC or Tag belts at some point.",01210a35cde946dbb19d24854ddd625b
spotify:track:5TPZrUbbjegnpg7zBQqfTO,b49a4cb5ad234418b3ff4bdfd2ab321f,2026-06-05T09:15:15Z,0,"You had a theme in NJPW. It kicked ass. You've now been given a mega-bucks contract from WWE and they've written a new one for you in NXT, and it was this.",01210a35cde946dbb19d24854ddd625b
spotify:track:6vN9o849XOpOKbygIid6ck,b49a4cb5ad234418b3ff4bdfd2ab321f,2026-06-05T09:15:15Z,1,You're the CMLL World Champion and every night you wrestle and barely escape death is the best night of your life. Who gives a fuck about what the North American companies are doing.,01210a35cde946dbb19d24854ddd625b
spotify:track:7y1FVMJTDOJf61zcqaPAAU,b49a4cb5ad234418b3ff4bdfd2ab321f,2026-06-05T09:15:15Z,0,"Now that John Cena has retired, you're getting less TV time as one of the midcard mooks who put him over every week during the 2000s-2010s. WWE still pays you decently enough though and in this economy, a job is a job. Your name is Seamus.",01210a35cde946dbb19d24854ddd625b
spotify:track:0H52iIUgADZnStfXURJq3Z,f1c713e8e22f4674a449cc92e27d3930,2026-06-05T09:55:49Z,1,"I nearly didn't give a point because I didn't listen to all eight-and-a-half minutes, but it's a good tune and I suppose it'd be very satisfying seeing you get metal chaired after making the crowd sit through that",01210a35cde946dbb19d24854ddd625b
spotify:track:11sLmNME1fyUBwRlqhyuGN,f1c713e8e22f4674a449cc92e27d3930,2026-06-05T09:55:49Z,1,Timestamp made this one for me,01210a35cde946dbb19d24854ddd625b
spotify:track:1J03Vp93ybKIxfzYI4YJtL,f1c713e8e22f4674a449cc92e27d3930,2026-06-05T09:55:49Z,2,A modern-day Doink,01210a35cde946dbb19d24854ddd625b
spotify:track:3o015R5G0Td1K5lzVWtg0B,f1c713e8e22f4674a449cc92e27d3930,2026-06-05T09:55:49Z,1,Presumably Mothra?,01210a35cde946dbb19d24854ddd625b
spotify:track:470laXjP3jhZKigxOU4yvF,f1c713e8e22f4674a449cc92e27d3930,2026-06-05T09:55:49Z,2,"The only thing I knew about World of Tanks is its use as a secret document declassification system, but now I suppose I have to check out the OST too",01210a35cde946dbb19d24854ddd625b
spotify:track:5eFxwmqKrHpSQDOEIFYlgY,f1c713e8e22f4674a449cc92e27d3930,2026-06-05T09:55:49Z,1,,01210a35cde946dbb19d24854ddd625b
spotify:track:5K43AHQPTJTqlyRZ3uBGKz,f1c713e8e22f4674a449cc92e27d3930,2026-06-05T09:55:49Z,1,,01210a35cde946dbb19d24854ddd625b
spotify:track:5TPZrUbbjegnpg7zBQqfTO,f1c713e8e22f4674a449cc92e27d3930,2026-06-05T09:55:49Z,1,The timestamp made this one for me too,01210a35cde946dbb19d24854ddd625b
spotify:track:0H52iIUgADZnStfXURJq3Z,026acc5a18a94f2bb1097778a32a4dae,2026-06-06T12:58:44Z,1,"I was livid when I saw this was 8 minutes, but the description of your big heel move has sold me. ",01210a35cde946dbb19d24854ddd625b
spotify:track:3o015R5G0Td1K5lzVWtg0B,026acc5a18a94f2bb1097778a32a4dae,2026-06-06T12:58:44Z,3,,01210a35cde946dbb19d24854ddd625b
spotify:track:470laXjP3jhZKigxOU4yvF,026acc5a18a94f2bb1097778a32a4dae,2026-06-06T12:58:44Z,2,,01210a35cde946dbb19d24854ddd625b
spotify:track:5TPZrUbbjegnpg7zBQqfTO,026acc5a18a94f2bb1097778a32a4dae,2026-06-06T12:58:44Z,1,,01210a35cde946dbb19d24854ddd625b
spotify:track:6vN9o849XOpOKbygIid6ck,026acc5a18a94f2bb1097778a32a4dae,2026-06-06T12:58:44Z,2,,01210a35cde946dbb19d24854ddd625b
spotify:track:7y1FVMJTDOJf61zcqaPAAU,026acc5a18a94f2bb1097778a32a4dae,2026-06-06T12:58:44Z,1,,01210a35cde946dbb19d24854ddd625b
spotify:track:0H52iIUgADZnStfXURJq3Z,555c7be4f519498e97a6bf62888fb0df,2026-06-07T07:27:56Z,1,,01210a35cde946dbb19d24854ddd625b
spotify:track:11sLmNME1fyUBwRlqhyuGN,555c7be4f519498e97a6bf62888fb0df,2026-06-07T07:27:56Z,2,,01210a35cde946dbb19d24854ddd625b
spotify:track:2dFjsxfjZp8oiyiGXMlx21,555c7be4f519498e97a6bf62888fb0df,2026-06-07T07:27:56Z,2,,01210a35cde946dbb19d24854ddd625b
spotify:track:3o015R5G0Td1K5lzVWtg0B,555c7be4f519498e97a6bf62888fb0df,2026-06-07T07:27:56Z,1,,01210a35cde946dbb19d24854ddd625b
spotify:track:470laXjP3jhZKigxOU4yvF,555c7be4f519498e97a6bf62888fb0df,2026-06-07T07:27:56Z,1,,01210a35cde946dbb19d24854ddd625b
spotify:track:5eFxwmqKrHpSQDOEIFYlgY,555c7be4f519498e97a6bf62888fb0df,2026-06-07T07:27:56Z,0,Aaaah to be a 16 year old alternative kid again.,01210a35cde946dbb19d24854ddd625b
spotify:track:5TPZrUbbjegnpg7zBQqfTO,555c7be4f519498e97a6bf62888fb0df,2026-06-07T07:27:56Z,1,,01210a35cde946dbb19d24854ddd625b
spotify:track:6vN9o849XOpOKbygIid6ck,555c7be4f519498e97a6bf62888fb0df,2026-06-07T07:27:56Z,2,,01210a35cde946dbb19d24854ddd625b
spotify:track:0H52iIUgADZnStfXURJq3Z,5d67307c492249f2b00f7b3276919ef5,2026-06-07T16:29:39Z,1,Point for context.,01210a35cde946dbb19d24854ddd625b
spotify:track:11sLmNME1fyUBwRlqhyuGN,5d67307c492249f2b00f7b3276919ef5,2026-06-07T16:29:39Z,1,,01210a35cde946dbb19d24854ddd625b
spotify:track:2dFjsxfjZp8oiyiGXMlx21,5d67307c492249f2b00f7b3276919ef5,2026-06-07T16:29:39Z,1,"Damn, I didn't expect this to be what I jokingly thought it was. Made me laugh!",01210a35cde946dbb19d24854ddd625b
spotify:track:470laXjP3jhZKigxOU4yvF,5d67307c492249f2b00f7b3276919ef5,2026-06-07T16:29:39Z,1,,01210a35cde946dbb19d24854ddd625b
spotify:track:5eFxwmqKrHpSQDOEIFYlgY,5d67307c492249f2b00f7b3276919ef5,2026-06-07T16:29:39Z,2,Honestly surprised no one has used this already.,01210a35cde946dbb19d24854ddd625b
spotify:track:5K43AHQPTJTqlyRZ3uBGKz,5d67307c492249f2b00f7b3276919ef5,2026-06-07T16:29:39Z,2,"The ""ooh-wah-o-o"" at the beginning is great because it gets you hyped up for the actual song. I think a lot of great walk-on music has that. ",01210a35cde946dbb19d24854ddd625b
spotify:track:5TPZrUbbjegnpg7zBQqfTO,5d67307c492249f2b00f7b3276919ef5,2026-06-07T16:29:39Z,0,"Antimai is my favourite album, really good stuff.",01210a35cde946dbb19d24854ddd625b
spotify:track:6vN9o849XOpOKbygIid6ck,5d67307c492249f2b00f7b3276919ef5,2026-06-07T16:29:39Z,1,Spelling it out really does make it a perfect walk-on track.,01210a35cde946dbb19d24854ddd625b
spotify:track:7y1FVMJTDOJf61zcqaPAAU,5d67307c492249f2b00f7b3276919ef5,2026-06-07T16:29:39Z,1,Good song,01210a35cde946dbb19d24854ddd625b
spotify:track:0H52iIUgADZnStfXURJq3Z,c9020fb4892a4c77aaeded2efd21f9b4,2026-06-08T07:10:36Z,1,Great TV for sure,01210a35cde946dbb19d24854ddd625b
spotify:track:11sLmNME1fyUBwRlqhyuGN,c9020fb4892a4c77aaeded2efd21f9b4,2026-06-08T07:10:36Z,2,"Yeah, I could see it.",01210a35cde946dbb19d24854ddd625b
spotify:track:2dFjsxfjZp8oiyiGXMlx21,c9020fb4892a4c77aaeded2efd21f9b4,2026-06-08T07:10:36Z,0,Hea-vy looooaaaad. One for the slugs.,01210a35cde946dbb19d24854ddd625b
spotify:track:470laXjP3jhZKigxOU4yvF,c9020fb4892a4c77aaeded2efd21f9b4,2026-06-08T07:10:36Z,1,What's tough about this round is it could fit YOU really well but we don't know!,01210a35cde946dbb19d24854ddd625b
spotify:track:5eFxwmqKrHpSQDOEIFYlgY,c9020fb4892a4c77aaeded2efd21f9b4,2026-06-08T07:10:36Z,1,It's probably good I just don't like the song,01210a35cde946dbb19d24854ddd625b
spotify:track:5K43AHQPTJTqlyRZ3uBGKz,c9020fb4892a4c77aaeded2efd21f9b4,2026-06-08T07:10:36Z,3,"I can see that opening being the ""ooooh shiiiiiiit"" then the actual music hits and out you come. Yeah, not bad.",01210a35cde946dbb19d24854ddd625b
spotify:track:5TPZrUbbjegnpg7zBQqfTO,c9020fb4892a4c77aaeded2efd21f9b4,2026-06-08T07:10:36Z,2,Clever edit point. I like it,01210a35cde946dbb19d24854ddd625b
spotify:track:0H52iIUgADZnStfXURJq3Z,d21152e7d3cd4a69b0951abdfe3e1480,2026-06-08T15:56:00Z,0,"I was 2 minutes into this and I was already annoyed by the selection. Then I saw there were another 6 minutes and got madder.

Then I read your comment and I'm even more annoyed.

I am not ashamed to admit I've not listened to the whole track.",01210a35cde946dbb19d24854ddd625b
spotify:track:11sLmNME1fyUBwRlqhyuGN,d21152e7d3cd4a69b0951abdfe3e1480,2026-06-08T15:56:00Z,2,"Okay, I'm on board",01210a35cde946dbb19d24854ddd625b
spotify:track:1J03Vp93ybKIxfzYI4YJtL,d21152e7d3cd4a69b0951abdfe3e1480,2026-06-08T15:56:00Z,0,Yes I know that someone has already done this,01210a35cde946dbb19d24854ddd625b
spotify:track:2dFjsxfjZp8oiyiGXMlx21,d21152e7d3cd4a69b0951abdfe3e1480,2026-06-08T15:56:00Z,1,I'd suggest that your wrestling name should be something that *isn't* Steven Flowe. It'd make the bit better.,01210a35cde946dbb19d24854ddd625b
spotify:track:3o015R5G0Td1K5lzVWtg0B,d21152e7d3cd4a69b0951abdfe3e1480,2026-06-08T15:56:00Z,2,Nailed it,01210a35cde946dbb19d24854ddd625b
spotify:track:470laXjP3jhZKigxOU4yvF,d21152e7d3cd4a69b0951abdfe3e1480,2026-06-08T15:56:00Z,1,Imagine the scenes.,01210a35cde946dbb19d24854ddd625b
spotify:track:5eFxwmqKrHpSQDOEIFYlgY,d21152e7d3cd4a69b0951abdfe3e1480,2026-06-08T15:56:00Z,1,,01210a35cde946dbb19d24854ddd625b
spotify:track:5K43AHQPTJTqlyRZ3uBGKz,d21152e7d3cd4a69b0951abdfe3e1480,2026-06-08T15:56:00Z,1,"""IT'S SAINT MOTEL WITH THE STEEL CHAIR""",01210a35cde946dbb19d24854ddd625b
spotify:track:5TPZrUbbjegnpg7zBQqfTO,d21152e7d3cd4a69b0951abdfe3e1480,2026-06-08T15:56:00Z,2,Incredible choice,01210a35cde946dbb19d24854ddd625b
spotify:track:6vN9o849XOpOKbygIid6ck,d21152e7d3cd4a69b0951abdfe3e1480,2026-06-08T15:56:00Z,0,Doesn't get me pumping I'm afraid.,01210a35cde946dbb19d24854ddd625b
spotify:track:7y1FVMJTDOJf61zcqaPAAU,d21152e7d3cd4a69b0951abdfe3e1480,2026-06-08T15:56:00Z,0,Not noisy enough for me,01210a35cde946dbb19d24854ddd625b
spotify:track:0H52iIUgADZnStfXURJq3Z,93455c46f7d945a187150fc527630db4,2026-06-08T17:59:16Z,1,"You're audacious for putting in an 8 minute track, and lucky I was driving while listening to it. ",01210a35cde946dbb19d24854ddd625b
spotify:track:11sLmNME1fyUBwRlqhyuGN,93455c46f7d945a187150fc527630db4,2026-06-08T17:59:16Z,2,"From the stated point, I like it",01210a35cde946dbb19d24854ddd625b
spotify:track:1J03Vp93ybKIxfzYI4YJtL,93455c46f7d945a187150fc527630db4,2026-06-08T17:59:16Z,2,"Yeah, hard to argue with this",01210a35cde946dbb19d24854ddd625b
spotify:track:2dFjsxfjZp8oiyiGXMlx21,93455c46f7d945a187150fc527630db4,2026-06-08T17:59:16Z,0,I wasn't feelin' the Flow on this one. ,01210a35cde946dbb19d24854ddd625b
spotify:track:3o015R5G0Td1K5lzVWtg0B,93455c46f7d945a187150fc527630db4,2026-06-08T17:59:16Z,2,Sick ,01210a35cde946dbb19d24854ddd625b
spotify:track:5K43AHQPTJTqlyRZ3uBGKz,93455c46f7d945a187150fc527630db4,2026-06-08T17:59:16Z,0,An excellent song in any case,01210a35cde946dbb19d24854ddd625b
spotify:track:5TPZrUbbjegnpg7zBQqfTO,93455c46f7d945a187150fc527630db4,2026-06-08T17:59:16Z,2,"Fuck yeah, evil as fuck",01210a35cde946dbb19d24854ddd625b
spotify:track:6vN9o849XOpOKbygIid6ck,93455c46f7d945a187150fc527630db4,2026-06-08T17:59:16Z,1,"Yeah, I must admit that it works. I could see a wrestler entering to this",01210a35cde946dbb19d24854ddd625b
spotify:track:7y1FVMJTDOJf61zcqaPAAU,93455c46f7d945a187150fc527630db4,2026-06-08T17:59:16Z,0,A little to soft of a sound for my taste in this category,01210a35cde946dbb19d24854ddd625b
spotify:track:0H52iIUgADZnStfXURJq3Z,6495e706501d405b96d5a435a5903ca7,2026-06-08T21:53:10Z,1,"Enjoyed this, but as a >8 minute submission are you starting your walk from one mile back? Never mind, I've just read your description and it's a diabolical plan.",01210a35cde946dbb19d24854ddd625b
spotify:track:11sLmNME1fyUBwRlqhyuGN,6495e706501d405b96d5a435a5903ca7,2026-06-08T21:53:10Z,1,This would get me excited!,01210a35cde946dbb19d24854ddd625b
spotify:track:2dFjsxfjZp8oiyiGXMlx21,6495e706501d405b96d5a435a5903ca7,2026-06-08T21:53:10Z,3,The supreme option.,01210a35cde946dbb19d24854ddd625b
spotify:track:470laXjP3jhZKigxOU4yvF,6495e706501d405b96d5a435a5903ca7,2026-06-08T21:53:10Z,0,"I'll be honest, I've not even played World of Tanks but it came on Spotify a few weeks ago and was stuck in my head",01210a35cde946dbb19d24854ddd625b
spotify:track:5eFxwmqKrHpSQDOEIFYlgY,6495e706501d405b96d5a435a5903ca7,2026-06-08T21:53:10Z,1,"I was big into Three Days Grace when I was 13 (...some 15 years ago)
I remember in Year 8 one day we were allowed to take turns playing music on the classroom sound system, I thought this song was cool but I did get the absolute piss took out of me for the rest of the day. Glad to see it resurfacing.",01210a35cde946dbb19d24854ddd625b
spotify:track:5K43AHQPTJTqlyRZ3uBGKz,6495e706501d405b96d5a435a5903ca7,2026-06-08T21:53:10Z,1,The intro was pleasantly spooky.,01210a35cde946dbb19d24854ddd625b
spotify:track:5TPZrUbbjegnpg7zBQqfTO,6495e706501d405b96d5a435a5903ca7,2026-06-08T21:53:10Z,1,,01210a35cde946dbb19d24854ddd625b
spotify:track:6vN9o849XOpOKbygIid6ck,6495e706501d405b96d5a435a5903ca7,2026-06-08T21:53:10Z,1,,01210a35cde946dbb19d24854ddd625b
spotify:track:7y1FVMJTDOJf61zcqaPAAU,6495e706501d405b96d5a435a5903ca7,2026-06-08T21:53:10Z,1,,01210a35cde946dbb19d24854ddd625b
